company,year_founded
&ever,2015
1606 (OTCM: CBDW),2021
1stdibs (NAS: DIBS),2001
21seeds,2018
24Storage,2014
2600Hz,2010
2nd.MD,2011
"300 (Movies, Music and Entertainment)",2012
35Pharma,2021
360X,2020
365Talents,2015
3a-Diagnostics,2019
3DEO,2016
3iQ,2012
3Laws,2022
3radical,2011
401kplans.com,2016
42matters,2011
4U By Tia,2023
5th Planet Games (OSL: 5PG),2011
60 Degrees Pharma (NAS: SXTP),2010
6K Additive (ASX: 6KA),2017
7D Surgical,2009
8 Rivers,2008
89bio,2018
98point6,2015
Aardvark Therapeutics (NAS: AARD),2017
Aarki,2010
Aaron.ai,2015
AAT Carriers,2007
AavantiBio,2017
Abaca (Financial Software),2017
AbelZeta,2001
Abfero Pharmaceuticals,2016
Abios Gaming,2013
Abliva,2000
AboundBio,2019
About You,2014
Absci (NAS: ABSI),2011
Absfront,2009
Abveris,2017
Acacia (Recreational Goods),2021
Acacia Communications,2009
Acacia Pharma,2007
Acasi,2017
Acast (STO: ACAST),2014
Acceleron Pharma,2003
Accellix,2007
Access Physicians,2011
Accessibility Now,2001
Acclarent,2003
Accolade (Managed Care),2007
Accrualify,2015
Accubits,2012
Accurics,2019
Accusonus,2012
ACEA Therapeutics,2005
Acelyrin,2020
Acenta,2019
Acera Surgical,2013
Aceyus,2002
Achilles Therapeutics,2016
Aclarion (NAS: ACON),2008
Acregreen,2022
Acrivon Therapeutics (NAS: ACRV),2018
Acticor Biotech,2013
Action Face,2018
Action Network (Information Services (B2C)),2017
ActiveQuote,2008
Actuate Therapeutics (NAS: ACTU),2015
AcuFocus,2001
Acurx Pharmaceuticals (NAS: ACXP),2017
Acutrace,2015
ACV Auctions (NYS: ACVA),2014
Adagio Medical (NAS: ADGM),2011
Adamas One (OTCM: JEWL),2018
Adaptive Mobile Security,2003
Adaptive Phage Therapeutics,2016
Adaptive3D,2014
Adaptix,2009
Adara,2005
AdColony,2008
AdCreative.ai,2018
Additive Flow,2017
Additive Instruments,2019
ADELYA,2005
Adhezion Biomedical,2001
Adjust,2012
Adlai Nortye (NAS: ANL),2004
Adlumin,2016
AdMass,2020
AdMobilize,2012
Adonis Minerals (CNQ: ADON),2023
Adore Me,2011
AdPushup,2014
Adracare,2018
AdRizer,2013
Adsmurai,2014
Advanced Accelerator Applications,2002
Advanced BioMatrix,2008
Advent Technologies Holdings (OTCM: ADNH),2005
Advertising Week,2004
Adverum Biotechnologies,2006
AdvisorStream,2011
AdvisorTarget,2016
ADx NeuroSciences,2011
Adyoulike,2011
Aelis Farma (PAR: AELIS),2013
AeoniQ,2022
Aeris (Household Appliances),2014
Aerodome,2023
Aerovate Therapeutics,2018
Aeva Technologies (NAS: AEVA),2017
AEye (NAS: LIDR),2013
Affectiva,2009
Affera,2014
Affinio,2013
Affinivax,2014
Affirm (NAS: AFRM),2012
Africa Eats (XMAU: EATS.N000),2020
AfricaWeb,2012
AFX Logistics,2018
Afyren (PAR: ALAFY),2012
Agara,2017
Ageto Energy,2017
Agomab Therapeutics (NAS: AGMB),2017
Agribody Technologies,2015
Agricool,2015
Agrivida,2003
Aidence,2015
Aiforia Technologies (HEL: AIFORIA),2013
AImotive,2015
Aiolos Bio,2023
Aiqudo,2017
Air Control Entech,2016
Airbase.,2016
Airgap,2019
Airity Technologies,2015
AirJoule Technologies (NAS: AIRJ),2018
Airthings,2008
Aisler,2014
AiXPRT,2015
Ajax Therapeutics,2019
AjustLock,2011
Akili Interactive,2011
Akkodis,2020
Akouos,2016
Akoya Biosciences,2015
Aktis Oncology (NAS: AKTS),2021
Alamar Biosciences (NAS: ALMR),2018
ALAViDA,2015
Alchemy (Financial Software),2016
Alchemy Labs (Other Materials) (TSX: ALCH),2013
Alcyone Therapeutics,2010
Alderys,2010
Alfi (Business/Productivity Software),2008
Alfonsino (MIL: ALFO),2016
AlgaeneX,2020
Aliada Therapeutics,2021
Alice's Table,2015
Alimera Sciences,2003
Alkira,2018
All In,2013
ALL.SPACE,2013
Allakos,2012
Allcyte,2017
Allegro 3D,2016
AlloMEK Therapeutics,2011
Allovue,2013
Allurion Technologies (OTCM: ALURD),2009
Alluvial (Financial Software),2022
Alpha Capital Acquisition Company,2020
Alpha Lithium,2009
Alpha Modus Holdings (NAS: DUMY0000230),2014
Alpine Optoelectronics,2017
Alsid,2016
ALSP Orchid Acquisition I,2021
Alt 5,2016
Altar (Biotechnology),2017
Alter (Multimedia and Design Software),2017
AlterG,2005
AltheaDx,2008
Altiostar,2011
Alto Neuroscience (NYS: ANRO),2019
Altus Copper,2015
Alumis. (NAS: ALMS),2021
Alzai Health (TSX: ALZI),2024
Alzamend Neuro (NAS: ALZN),2016
Amalto,2005
Ambia Solar,2021
Ambiq Micro (NYS: AMBQ),2010
American Backhoe Services & Excavating,2003
American Robotics,2016
Amicus Therapeutics,2002
Amino,2011
Amniotics,2015
Amobee,2005
Ampera,2025
Ampere Computing,2017
Amperics,2009
Amplitude Vascular Systems,2017
Amprius Technologies (NYS: AMPX),2008
Amryt Endo,2001
AMTD Digital (NYS: HKD),2019
Amylyx Pharmaceuticals (NAS: AMLX),2013
AN2 Therapeutics (NAS: ANTX),2017
Anchor Semiconductor,2000
Anebulo Pharmaceuticals (OTCM: ANEB),2020
Angel Studios (NYS: ANGX),2013
Angstrom Sports,2018
AnHeart Therapeutics,2018
Answear.com (WAR: ANR),2011
Ante,2017
Antev,2013
AntlerA,2018
Aparito,2014
ApcinteX,2014
APEIRON Biologics,2003
Apexigen,2010
APIHub,2015
APIOS,2009
Apnimed (NAS: APMD),2017
Apogee Therapeutics (NAS: APGE),2022
Apolicy,2019
Apollo Endosurgery,2005
Apollo Fusion,2016
Apollomics (NAS: APLM),2015
apoplex medical technologies,2004
Apostrophe,2012
ApParkingSpot,2015
Appear (Hardware) (OSL: APR),2004
Appetize,2011
AppHarvest,2018
Applica,2013
Applied BioMath,2013
Applied Graphene,2010
Applied Molecular Transport,2010
Aptamer Group (LON: APTA),2008
Apton Biosystems,2012
Aquana,2017
Aquaporin,2005
Aramis Group (PAR: ARAMI),2001
Aran Biomedical,2002
Araris,2018
Arcadia Gaming,2019
Arcan,2021
ArcaNatura,2008
Arcellx,2014
Archaea Energy,2018
ArcherDX,2013
Arcion,2016
Arctic Fish Holding (OSL: AFISH),2011
arculus (Hardware),2016
Ardgowan,2016
Area 1 Security,2013
Arecor Therapeutics (LON: AREC),2007
Arena Solutions,2000
Aretto Wellness,2019
Argeo,2014
ARInspect,2017
Arix Bioscience,2015
Armis,2016
Armory (Business/Productivity Software),2016
Arqit (NAS: ARQQ),2017
Arrival UK,2015
ArriVent Biopharma (NAS: AVBP),2021
Arroweye,2000
ARS Pharmaceuticals (NAS: SPRY),2015
Artedrone,2017
ARTELLA Solutions,2018
Arteris (NAS: AIP),2003
Arthrosi Therapeutics,2018
Artiva Biotherapeutics (NAS: ARTV),2018
ARTMS,2013
Arvelle Therapeutics,2019
Arx (Business/Productivity Software),2017
Aryeo,2019
Asanalyzer,2015
Ascen,2018
Ascend Wellness Holdings (CNQ: AAWH.U),2018
Ask Sage,2023
ASMPT NEXX,2001
Aspire Commerce Group,2021
Asset Entities,2020
AST SpaceMobile (NAS: ASTS),2017
Asteo Red Neutra,2020
Astera Labs (NAS: ALAB),2017
Astra Space,2016
Astria Therapeutics,2008
Astrid Intelligence (AQSE: ASTR),2018
Astrix Security,2021
Astrocast,2014
Astronaut Party,2011
Asuragen,2005
Asystem,2018
At Mine Hospitality,2021
AtaiBeckley (NAS: ATAI),2018
Atenoil,2016
Athelas (Enterprise Systems),2015
Athonet,2005
Atlanta Micro,2011
Atom Power,2014
Atomic Alchemy,2018
Atomic Jelly (WAR: ATJ),2016
Atreus,2006
Atrin Pharmaceuticals,2012
atSpoke,2016
Attivo Networks,2011
Attovia Therapeutics (NAS: ATTO),2022
Attune Medical,2009
Auddia (NAS: AUUD),2012
Augmenta,2015
Augmented Pixels,2013
Aura Biosciences (NAS: AURA),2009
Aura Consolidated Group (ASX: AXQ),2017
Aurion Biotech,2021
Auth0,2013
Autifony Therapeutics,2011
AUTO1 Group (FRA: AG1),2012
AutoNation Mobile Service,2018
Autonomix (NAS: AMIX),2014
Auxocell Laboratories,2008
AV Cannabis,2018
Ava Security,2016
Avadel Pharmaceuticals,2015
Avafin,2012
AvaLAN Wireless,2004
Avalun,2013
Avalyn Pharma (NAS: AVLN),2011
AVAX One Technology (NAS: AVX),2017
AVEO Oncology,2001
Avidity Biosciences,2012
Avinode,2001
Avitide,2012
Aviva Links,2020
Aviwest,2008
Awakn Life Sciences,2020
Awashop,2014
Axign,2014
Axil (Acquired / merged),2000
Axios,2016
Axis Security,2018
Axon Clinic,2018
Axonics,2012
Azerion Group (AMS: AZRN),2013
Azimo,2012
Azimut Direct,2021
Azitra (ASE: AZTR),2014
BA Insight,2004
Baanx,2018
Babel Health,2014
Babylon Health,2013
Bachan's,2013
Baïa Food,2013
Bakkt Financial Solutions I (NYS: BKKT),2018
Ballard Motive Solutions,2009
Balmonds (AQSE: SLWD),2007
Banach Technology,2015
Bandyer,2014
Banzai International (NAS: BNZI),2015
Bardy Diagnostics,2013
Barinthus Biotherapeutics (NAS: BRNS),2016
Bawat Water Technologies (STO: BAWAT),2011
Bay Equity,2007
BayMedica,2016
Bbot,2017
Be Your Essence,2018
Beacon Bio,2020
Beacon Platform,2014
Beam (Financial Software),2022
BeammWave (STO: BEAMMW B),2017
Beanfields,2010
Beanworks,2012
Bear Flag Robotics,2017
BeatBox (Beverages),2011
Beauty Labs,2015
Beckley Psytech,2018
Becorp Rental Homes,2020
Beeper (Social/Platform Software),2020
BehavioSec,2008
Belantis,2003
Belite Bio (NAS: BLTE),2016
Belive.ai,2019
BellPal,2016
Belluscura,2015
Benchmark Genetics,2009
Benefitfocus,2000
Benefits Science,2012
BentoBox,2013
Berbix,2018
Bercman Technologies (TAL: BERCM),2016
BeReal,2020
Berkshire Grey,2013
Best Egg,2013
Bet.Works,2018
Beta Bionics (NAS: BBNX),2015
BETA Technologies (NYS: BETA),2017
Betolar (HEL: BETOLAR),2016
Better Home & Finance Holding (NAS: BETR),2014
Betting Hero,2018
Betty Labs,2018
BeyondPlay,2020
Bicara Therapeutics (NAS: BCAX),2018
Big Digital Energy (USA) (NAS: BGDE),2012
Big Swig,2017
Biim Ultrasound,2011
Billie (Personal Products),2015
BillionToOne (NAS: BLLN),2016
bioAffinity Technologies (NAS: BIAF),2014
BioAge Labs (NAS: BIOA),2015
BioConnect (Electronic Equipment and Instruments),2010
Biodit (XBUL: BDT),2010
Biognosys,2008
Biohaven (NYS: BHVN),2013
BioLegend,2002
BIOLIE,2012
Biomea Fusion (NAS: BMEA),2017
Biomodex,2015
Bionic,2019
Bioniz Therapeutics,2010
Bionos Biotech,2013
BioPhero,2016
BioRez,2008
BioSenic (BRU: BIOS),2006
Biosergen,2004
BioStrand (Other Healthcare Technology Systems),2019
BioSymetrics,2017
Biotalys (BRU: BTLS),2013
BioTech Foods,2017
BioVersys (SWX: BIOV),2008
Bipi,2016
Bird Canada,2020
Bird Global,2017
Bird Office,2013
Bird Rock Bio,2006
Bison Trails,2018
Bit Discovery,2018
BitGo Holdings (NYS: BTGO),2013
Bitnomial,2014
Bitstamp,2011
BiVictrix Therapeutics,2016
Bizdirect,2000
BizSecure,2020
Black Buffalo,2015
Blackbird (Business/Productivity Software),2015
BlackBox Biometrics,2011
BlackHorse Solutions,2008
BlackSignal,2007
BlackSky Technology (NYS: BKSY),2014
BlackSwan Vascular,2017
Blaize Holdings (NAS: BZAI),2010
Blast Bit Enterprises,2020
Blend Labs (NYS: BLND),2012
Block Mining,2019
Blockchain Moon Acquisition,2021
BlockX Capital,2015
Bloom Farms,2014
Bloomia,2004
BlossomHill Therapeutics (NAS: BLSM),2020
BluBracket,2018
Blue Apron,2012
Blue Eye Monitoring,2012
Blue Hexagon,2017
Blue Ocean Robotics,2012
Blue Pillar,2006
Blue Run Spirits,2019
Blue Water Financial Technologies,2018
Bluecore,2013
BlueCove,2018
Bluedot (Business/Productivity Software),2012
Bluegrass Vascular Technologies,2010
Bluejay Diagnostics (NAS: BJDX),2015
Bluejay Therapeutics,2019
Blueprint Medicines,2008
BlueRibbon,2017
Boa Concept (PAR: ALBOA),2012
BodySano,2011
Boku Identity,2006
Bolder Surgical,2010
Boleron (XBUL: BLRN),2019
Bollinger Motors,2014
Bolt Biotherapeutics (NAS: BOLT),2015
Bolt Medical,2019
Bonzun (STO: PADEL),2012
Boomf,2013
Boost Mobile,2000
Borqs Technologies,2007
Bossa Studios,2010
Bouncer(Financial Software),2018
Boundless Bio (NAS: BOLD),2018
Boxed,2013
BPC Instruments (SAT: BPCINS),2005
BQ,2009
BR-DGE,2013
Brag House,2020
Brain+,2012
Brain4Net,2015
BrainFx,2012
Brainhint,2017
BrainScan (WAR: BSN),2016
BranchOut Food (NAS: BOF),2017
Brand Legends,2022
Brand New Day Bank,2010
Brand24,2010
Braveheart Bio (NAS: BRVE),2025
Brax (Business/Productivity Software),2014
Braze (NAS: BRZE),2011
BRD,2014
Breaking Free Group,2010
Breakroom,2018
Breather Products,2012
BrewDog,2006
Brex,2017
Bricata,2014
Bricknode,2010
BRICKS NEWCO,2012
Bridg,2012
Bridge (Financial Software),2022
BridgeBio Oncology Therapeutics (NAS: BBOT),2016
Bridgecrew,2019
BridgeHaul Logistics Solutions,2015
BrightBid,2020
Brightflag,2014
BrightHire,2019
Brightpearl,2007
Brigit,2017
Broadpeak (PAR: ALBPK),2010
Brumbrum,2016
Bruush Oral Care (OTCM: BRSHF),2018
BTC,2013
BTQ Technologies (NEOE: BTQ),2021
BUA FIT,2016
Bubty,2019
Buda Juice (ASE: BUDA),2014
Buddy Healthcare,2016
Bug Capture,2020
Build.Security,2020
Bulb Technologies,2006
Bullet Solutions,2006
Bulletin,2015
BulletProve,2019
BullFrog AI (NAS: BFRG),2017
Bullfrog Power,2005
Bumble (NAS: BMBL),2014
Bumblebee (Energy Infrastructure),2017
Bumped,2017
Business Talent Group,2007
Busuu,2008
Butter (Consumer Finance),2016
Butterfly Network (Burlington) (NYS: BFLY),2011
BUX,2014
BuyerQuest,2011
BuzzFeed (NAS: BZFD),2006
BuzzGames,2015
C2i Genomics,2019
Cacheflow,2021
Cadent Therapeutics,2010
Cadillac Mines (TSE: CADY),2014
Cadre,2014
Cadrenal Therapeutics (NAS: CVKD),2022
Caelum Biosciences,2015
Caena,2020
Cajoo,2021
Caliber (Arizona) (NAS: CWD),2009
Calidi Biotherapeutics (ASE: CLDI),2014
California Bank of Commerce (Acquired),2007
Calipsa,2016
Callahan Financial Planning,2010
CallDesk,2015
Calliditas Therapeutics,2004
Callin,2021
Calypso Biotech,2013
CalypsoAI,2018
Cambridge Satchel,2008
Camelina Company,2010
CAMP4 (NAS: CAMP),2016
Canapar,2018
Canatu (HEL: CANATU),2004
Cancer Prevention Pharmaceuticals,2008
Candid Therapeutics,2024
CannTx,2013
Cantourage (FRA: HIGH),2019
Capcito Finance,2015
Cape Analytics,2014
Capella Space,2016
Caper,2016
Capillary Biomedical,2014
Caplist,2020
CapNostics,2013
CapsoVision (NAS: CV),2006
Capstan Therapeutics,2021
Caption Care,2013
Captiv8,2014
Captura Biopharma,2019
Car IQ,2016
Caraway Therapeutics,2018
CARBIOS Active,2016
Carbon Engineering,2009
Carbon6 (Media and Information Services (B2B)),2021
Carbyne,2015
Card Isle,2013
CardCash,2008
Cardiac Insight,2007
Cardior,2016
CareBridge,2019
CareLinx,2011
Carevive,2013
Carevoyance,2014
Cargo Therapeutics,2019
Caribou Biosciences (NAS: CRBU),2011
Carisma Therapeutics (OTCM: CARM),2016
Carlsmed (NAS: CARL),2018
Carmot Therapeutics,2008
CARROLL,2004
Cartesian Therapeutics (NAS: RNAC),2016
CarZeus,2017
Casetext,2013
Cashforce,2012
Catalytic (Business/Productivity Software),2015
Catapult Health,2010
CathWorks,2013
CattleEye,2019
Cava Group (NYS: CAVA),2010
Cavendish Online,2000
Cazana,2012
Ccea,2007
CCL eAgile,2009
Cedar Poly,2007
Celestial AI,2020
Celfinet,2003
Cell2Cure,2018
Cellen,2019
CellmAbs Biopharmaceuticals,2019
CellPoint (Biotechnology),2018
Cellwize,2013
Celsius Therapeutics,2018
Cemonite,2019
Cend Therapeutics,2015
Census,2018
Centessa Pharmaceuticals,2019
CentML,2022
Centred.,2020
Century Therapeutics (NAS: IPSC),2018
Cepton,2016
Cerebras Systems (NAS: CBRS),2015
Ceres Technologies,2011
Ceribell (NAS: CBLL),2014
Cernostics,2008
CERo Therapeutics Holdings (OTCM: CERO),2016
CertEurope,2000
Cerus Endovascular,2011
CervoMed (NAS: CRVO),2014
CF Intercity (MAD: CITY),2017
CG Oncology (NAS: CGON),2010
Chaikin Analytics,2009
Chain Bridge I (OTCM: CBRRF),2021
Chainge (Logistics),2019
Chairish,2013
Chalk (Canada),2012
Champion Health,2018
Champion Health (Sweden),2009
Chargeback (Salt Lake City),2010
ChargePoint (NYS: CHPT),2007
Chartio,2010
Checkin.com Group (STO: CHECK),2017
Checkmate Pharmaceuticals,2015
Checkme,2019
Checkmyguest,2016
Checkout Charlie,2008
Cheelcare,2015
ChemIntelligence,2019
CHEQ (Kirkland),2020
Cherry Xtrfy,2013
Chevron Renewable Energy Group,2006
Childs Farm,2010
Chime Financial (NAS: CHYM),2012
Chinook Therapeutics,2019
Chorus.ai,2015
Chroma Medicine,2020
Chrome Holding,2006
Chronos Therapeutics,2009
Chronosphere,2019
Cidara Therapeutics,2012
CiiTECH,2017
Cinclus Pharma (STO: CINPHA),2014
CinCor Pharma,2018
Cinis Fertilizer,2018
Cipher (Business/Productivity Software),2013
Circle Internet Group (NYS: CRCL),2013
Circle8 Group (Billerica) (NAS: CIRC),2013
Circularis,2014
Circulomics,2009
Citizen Health,2017
Citymapper,2010
Cityscoot,2014
Civil Maps,2013
Civitfun,2014
Cizzle Biotechnology Holdings (LON: CIZ),2004
Clade Therapeutics,2020
Clairvoyant (Database Software),2012
Clarabridge,2005
Clare (Other Hardware),2010
Clarus R+D,2016
Clarus Therapeutics,2004
Class Collaborate,2000
Clean Power Hydrogen (LON: CPH2),2012
Cleana,2019
Cleanlab,2021
Cleanshelf,2015
Cleaq,2013
Clearbridge BioPhotonics,2014
Cleared,2019
Clearpath Robotics,2009
ClearQuery,2017
Clementine (Enterprise Systems (Healthcare)),2014
Clever (Educational Software),2012
Clevon,2008
Clicksit App,2015
ClickSWITCH,2014
Climb Bio (NAS: CLYM),2018
Cling,2016
Clinigence Health,2010
Clinpal,2012
Clio Draft,2016
Clique Brands,2006
CLMBR,2017
Cloud Fastpath,2004
Cloudastructure (NAS: CSAI),2003
Cloudbreak Pharma (HKG: 02592),2015
CloudCheckr,2011
CloudRail,2013
CloudSnap,2018
Cloudways,2011
Clover Health Investments (NAS: CLOV),2014
ClubSpark,2012
Clumio,2017
Cluno,2016
Clutter,2013
Cmd (Network Management Software),2016
Coastal (Internet Retail),2018
Coastal Bank & Trust,2009
Cobalt Software,2011
Cobase,2012
CODA (Electronic Equipment and Instruments),2009
Codecademy,2011
Codeplay,2002
CodeStream,2017
Coding Dojo,2012
CoEdition,2017
Coefficient Bio,2025
Cognigy,2016
Cognition Therapeutics (NAS: CGTX),2007
CognitiveScale,2013
Cognito (Network Management Software),2013
Coincheck Group (NAS: CNCK),2012
Coinify,2014
Colisweb,2013
Combangio,2014
Combinostics,2014
Comera Life Sciences Holdings,2014
Comet Therapeutics,2017
Commotion,2022
Compass (Application Software) (NYS: COMP),2012
Compass Coffee,2013
Compass Therapeutics (NAS: CMPX),2014
CompilerWorks,2012
Complex Games,2001
Comtravo,2015
Conduit Tech,2022
Confluent,2014
Connect&GO,2012
ConnectM Technology Solutions (OTCM: CNTMD),2007
Connexicon Medical,2014
Constellation Network (Business/Productivity Software),2017
ContactEngine,2009
ContentCal,2014
Contessa,2015
Context (Acquired 2021),2013
Context Therapeutics (NAS: CNTX),2015
ContextLogic Holdings (OTCM: LOGC),2010
Contineum Therapeutics (NAS: CTNM),2017
Contovista,2013
Contract.fit,2015
Contura International,2006
Conversia,2001
Conversocial,2008
Convex ( Business/Productivity Software),2017
Convey (Business/Productivity Software),2013
Convion,2012
Coolbet,2015
Coolwave Communication,2019
Coorpacademy,2013
Copra,2013
Copyright Agent,2013
Core Scientific (NAS: CORZ),2017
Corellium,2017
CoreWeave (NAS: CRWV),2017
Corlieve Therapeutics,2019
Corpay One,2016
Corvian,2005
Corvium,2009
Corvus Insurance,2017
Costa Brazil,2016
CoStim Pharmaceuticals,2012
Cotsworks,2006
Coupang (NYS: CPNG),2010
Courier Therapeutics,2015
Courseloop,2014
Coursera (NYS: COUR),2012
Coveo Solutions (TSE: CVO),2004
Cowboy (Automotive),2017
Coworkees,2016
Coya,2016
Coya Therapeutics (NAS: COYA),2020
cPaperless,2008
CRA Health,2006
CreateAI Holdings (OTCM: TSPH),2015
Creative Motion Control,2002
CreativeLive,2009
Credence ID,2012
Credit Kudos,2015
CreditIQ,2014
CreditPoint Software,2000
Credly,2012
Credova,2018
Crestwynd Exploration,2017
Creturner,2019
Crocus Technology,2004
Crosscope,2019
Crossinx,2007
CrowdVision,2009
Crown Bioscience,2006
Crozdesk,2014
Crunchy Data,2012
Cryo Pur,2015
Crypto Finance,2017
CTRG,2000
CTsystems,2011
Cube (Media and Information Services (B2B)),2014
Cube Labs (MIL: CUBE),2013
Cubic3,2005
Cubicure,2015
Cue Health,2010
Cullgen,2018
Cullinan Therapeutics (NAS: CGEM),2016
Cult Beauty,2008
Cunningham Energy,2008
Curaleaf International,2018
Curated,2017
CureVac,2000
Curio Bioscience,2021
Currencycloud,2007
Current Health,2014
Curricula,2015
Curv,2018
Cushon,2014
CVRx (NAS: CVRX),2001
Cybeats Technologies (CNQ: CYBT),2011
Cybersprint,2015
CycleZyme (SAT: CYCLE),2020
Cyclica,2013
Cycuity,2013
Cykel AI,2018
Cylance,2012
Cynerio,2017
Cyngn (NAS: CYN),2013
Cynny,2012
Cyral,2018
Cyteir Therapeutics,2012
D-Line (Electrical Equipment),2006
Dadi,2018
Daedalean,2016
Dalata Hotel Group,2007
Damon Motors,2016
Dan.com,2013
Dark Blue Therapeutics,2020
Dark Heart Nursery,2007
Dashworks,2018
Data Legal Drive,2018
Data Mechanics,2019
Datacoral,2016
DataFleets,2018
Datagrid AI,2019
Dataseat,2018
Datasmoothie,2005
Datavolo,2023
Datorium,2015
Datrix (MIL: DATA),2018
Datum Solutions,2010
Dave (NAS: DAVE),2015
"DAVID (Movies, Music and Entertainment)",2021
DAVO Technologies,2011
Day One Biopharmaceuticals,2018
Day Zero Diagnostics,2016
DaytoDay,2018
Dazz,2021
dbt Labs,2016
DDC Enterprise (ASE: DDC),2012
Decibel Insight,2013
Decibel Therapeutics,2015
Decipher Urologic Cancers,2008
Deciphera Pharmaceuticals,2003
Deck (Media and Information Services B2B),2015
Decoy Biosystems,2013
Dedrone,2014
Deep 6 AI,2016
Deep Fission (NAS: FISN),2023
Deep Reason,2018
Deep Trekker,2010
DeepSea,2017
Defence Holdings (LON: ALRT),2018
Defensor Group,2025
DeFi Development (NAS: DFDV),2018
Delic Labs,2018
Deliveroo,2013
Deliverr,2017
Della,2018
Delphai,2015
Delphi Genetics,2001
DeltaTek Global,2014
Demolish Games (WAR: DGS),2020
Demyst,2010
Dengi Vpered,2019
Depop,2011
Deporvillage,2010
Depositphotos,2009
Dermata Therapeutics (NAS: DRMA),2014
Dermicus,2010
Deseret Wellness,2019
Desert Control (OSL: DSRT),2007
Desktop Metal,2015
DevCycle,2011
Devolver Digital (LON: DEVO),2009
DeVoro Medical,2018
Dexibit,2015
DFLabs,2003
DFlow (Financial Services),2021
DG Innovate,2009
Dharma Pharmaceuticals,2018
Diagenode,2003
DialogTech,2005
Dialogue (Outcome Management (Healthcare)),2016
Diamond Fortress Technologies,2012
Diamond Whites Aligners,2012
Dianomi (LON: DNM),2003
Dianthus Therapeutics (NAS: DNTH),2015
DiaSpect Medical,2007
DICE Therapeutics,2013
Dicerna Pharmaceuticals,2007
Diem Association,2019
Dig Security,2021
DigiFarm,2018
Digisure,2018
Digit (Financial Software),2013
Digital Asset Custody Company,2018
Digital Ignition (Georgia),2016
Digital Magics,2003
Digital Motors,2018
Digital Workforce Services (HEL: DWF),2015
Digitalcrafts,2015
DigitalOcean (NYS: DOCN),2012
DigitalOnUS,2014
Digitiamo,2020
Diligent Robotics,2017
Direct Credit,2011
Direktiv,2015
Disc Medicine (NAS: IRON),2017
DISCO (Austin) (NYS: LAW),2013
Discover Echo,2013
Disior,2016
Ditto (Information Services (B2C)),2020
Divvy Homes,2017
DJS Antibodies,2014
Dlaboratory Sweden (STO: DLAB),2007
DocFox,2014
DocGo (NAS: DCGO),2015
DocSend,2013
Dominion Aesthetic Technologies,2015
Donde (Media and Information Services),2014
Donkey Republic (CSE: DONKEY),2014
Door2Door,2012
Dosh,2015
Dot Ai (NAS: DAIC),2020
DotEmu,2007
Dotstay (MIL: DOT),2013
Doximity (NYS: DOCS),2010
DrChrono,2009
DreamBig Semiconductor,2019
Dreamix,2005
DripKit,2017
DriveWorks,2001
Drizly,2012
Drone Racing League,2015
"Drop (Computers, Parts and Peripherals)",2012
Dropworks (Boulder),2016
Drug Lab 118,2013
DTx Pharma,2017
Ducentis,2012
Duolingo (NAS: DUOL),2011
DUPR,2021
Durin Life Sciences,2010
DX,2021
Dynamic (Financial Services),2021
Dynamic Biosensors,2012
Dynamic Yield,2011
DynamicAction,2007
E-bot7,2016
e-Novia (MIL: E9IA),2012
Earth Science Analytics,2012
Earthly Labs,2016
Eat & Co,2020
Eaze,2014
EB Charging,2015
EBCO (Automotive),2010
EBET,2016
EBR Systems (ASX: EBR),2003
Eccellenze,2014
ECD Automotive Design,2013
Echo Ridge (Commercial Services),2006
Eclettica,2012
Eco-Adapt,2012
ecobee,2007
Ecochlor,2001
ecoDriver,2004
eCollect,2014
ecosio,2012
Ectin Research,2013
EdgeCast Networks,2006
Edgewise Therapeutics (NAS: EWTX),2017
eduBITES,2021
Edzcom,2014
eEducation Albert (STO: ALBERT),2015
Effectiv,2021
Effector Therapeutics (OTCM: EFTR),2012
Effortless IVF,2016
EGEIRO Pharma,2017
EGO Movement,2015
Egreement,2006
Eidos Therapeutics,2013
Eigen AI,2025
Eikon Therapeutics (NAS: EIKN),2019
Ekobryggeriet,2016
Elastic.io,2013
ElectraMeccanica Vehicles,2015
Electric Last Mile Solutions,2020
Electriq Power (OTCM: ELIQQ),2014
Elektrofi,2016
Element AI,2016
Eleos Technologies,2011
Eleusis,2013
Elevation Oncology,2019
Elicio Therapeutics (NAS: ELTX),2011
Eligo,2016
ELIOS Vision,2019
eLum (Surgical Devices),2015
elvah,2020
Emalex Biosciences,2018
EMB Mission Bound (STO: EMB),2019
Embark Biotech,2017
Embark Health,2018
Embee Mobile,2008
Embody (Therapeutic Devices),2014
emotion3D,2011
Empery Digital (NAS: EMPD),2020
Empire Games (Entertainment Software),2021
Emplify,2011
Empower Semiconductor,2013
Encore Technologies (Holding Companies) (CNQ: ENCR),2023
Encuentra24.com,2005
EndoGastric Solutions,2002
Endomag,2007
Endotronix,2007
Endurance Motive (MAD: END),2017
Energenius,2017
Energy Solar Tech,2020
Energy Vault Holdings (NYS: NRGV),2017
EnergyVision (BRU: ENRGY),2014
Enfoil,2022
Engage Bio,2021
Engine,2014
Enhanced Games (NYS: ENHA),2023
Enlighten Technologies,2014
Enlitic (ASX: ENL),2014
Enliven Therapeutics (NAS: ELVN),2019
Enodo,2016
Enogia (PAR: ALENO),2009
Enovix (NAS: ENVX),2007
EnSilica (LON: ENSI),2001
Entrada Therapeutics (NAS: TRDA),2016
Envera Health,2015
Enview,2015
Envoy Technologies,2016
EPH Invest (MIL: EPH),2000
Epic! Kids,2013
Epiluvac,2013
Epizyme,2007
Eppo.,2021
Epsagon,2017
Epygenix Therapeutics,2016
EQRx,2019
EquipmentShare (NAS: EQPT),2015
Equity Wine Group,2010
Erasca (NAS: ERAS),2018
Erbi Biosystems,2006
Ergatta,2019
Ergo Next,2015
ErisX,2018
EryDel,2007
Escient Pharmaceuticals,2017
Esenca Sizing,2020
eSight,2006
EsoBiotec,2020
ESS Tech (NYS: GWH),2011
Essensys (Business/Productivity Software),2006
Eta Wireless,2016
ETEC,2002
Eternal (Food Products),2018
ETF Stream,2017
Ethos Technologies (Insurance Brokers) (NAS: LIFE),2016
Eupraxia Pharmaceuticals (TSE: EPRX),2011
Evaxion (NAS: EVAX),2008
Eve Holding (NYS: EVEX),2020
Eventdex,2005
Evergreen Theragnostics,2019
Everli,2014
Evermind,2018
EveryMundo,2006
Evidens De Beaute,2007
EvinceMed,2015
Evisort,2016
Evoke Neuroscience.,2009
Evoke Pharma,2007
Evolar,2019
EvolutionIQ,2019
Evolv Technology (NAS: EVLV),2013
Evommune (NYS: EVMN),2020
EvoNext Holdings,2004
EVRYTHNG,2011
ExactCure,2017
exactEarth,2009
ExactlyIT,2019
Exaion,2018
Exalos,2003
Execus (MIL: EXEC),2018
Exium,2019
Exo-Space,2019
Exodus Movement (ASE: EXOD),2015
Exonar,2007
Exosome Diagnostics,2008
ExoTerra,2011
Expandly,2013
Expensify (NAS: EXFY),2008
Expetitle,2019
Expion360 (NAS: XPON),2016
Exscientia,2012
Exyn Technologies (NAS: EXYN),2014
EyeBio,2021
EYEVIDO,2015
EZ-Wheel,2009
EZ4U,2010
F-Star Therapeutics,2002
F45 Training,2012
Fabl,2012
Fabric (Other Financial Services),2015
Fabric Genomics,2009
Factorial (NAS: FAC),2013
Factorin,2018
FactoryFour,2014
Fadel Partners (LON: FADL),2003
Faeth,2019
Fair ( Application Software),2016
FairX,2019
Falcon V Systems,2018
Fall Damage,2017
Fandor,2009
FanFix,2020
Farada Group,2021
Faraday&Future (NAS: FFAI),2014
Faradion,2011
Farapulse,2012
Farmobile,2013
Faromatics,2016
Fastback Networks,2010
FasterLines,2018
FastPay,2009
Fastvan,2015
Fat Llama,2015
FaZe Clan,2010
Faze Media,2024
Feather Pay,2020
Featurespace,2008
FeedBackNow,2011
Femasys (NAS: FEMY),2004
FemiClear,2016
FemtoTools,2007
FEops,2009
Fermi (REIT) (NAS: FRMI),2025
Fermyon,2021
Fervo Energy (NAS: FRVO),2017
Fetch Robotics,2014
Fexy,2013
Fidcar,2017
Field of View,2010
FieldWire,2013
Fifax,2012
Figma (NYS: FIG),2012
Figma Weave,2024
FIGR (Consumer Non-Durables),2016
FIGS (NYS: FIGS),2013
Figure Technology Solutions (NAS: FIGR),2018
Fiinu (LON: BANK),2003
Fill Up Media (PAR: ALFUM),2011
Finaro,2007
Finax,2017
FinCompare,2016
Fincura (Financial Software),2017
Findify,2014
Finexity (MUN: FXT),2018
Finomial,2010
Finxact,2016
Fire Sky Energy,2010
Firefly Aerospace (NAS: FLY),2013
FireFly Bio,2022
FireHydrant,2018
Firmus (Florida),2018
First Light Imaging,2011
First Street,2016
FiSpoke,2023
Fit Analytics,2010
Fit-Up,2019
Fitbit,2007
FitWell,2014
Five Stars Loyalty,2011
FivePrime Therapeutics,2001
FixMyCar,2010
Flame Biosciences,2017
Flare (Liverpool),2015
Flaschenpost,2012
Flashgap,2014
Fleet Mortgages,2013
Flexion Therapeutics,2007
Flexiti,2013
FlightWave,2014
Flinks,2016
flipMD,2020
Flock,2015
Flow Commerce,2015
Flowcup,2016
Fluent BioSciences,2018
Fluid truck,2016
Fluoptics,2009
Flyte,2018
Flywire (NAS: FLYW),2009
Flyy (Application Software),2018
Focus Impact BH3 Acquisition,2021
Focus-X Therapeutics,2020
Focusly,2019
Fold (NAS: FLD),2014
Folsom Labs,2011
Fon,2006
Foodiq,2015
Footshop (PRA: WSO),2011
Forendo Pharma,2013
Foreseeti,2014
Foresight Diagnostics,2020
Forge Biologics,2020
Forge Global Holdings,2014
FORME (Texas) (NAS: TRNR),2017
Formedix,2000
Forsake,2010
Fortis Frontier,2008
Fortress Identity,2015
Forward AM,2017
Forward Water Technologies (TSX: FWTC),2012
FourCubed,2004
FourQ,2019
Foxberry,2014
Foxtrot Systems,2014
Fracta,2013
Fractyl Health (NAS: GUTS),2010
Fragbite Group (STO: FRAG),2002
Frame Spatial,2018
Frame Technology.,2016
Frame Therapeutics,2018
Frame.io,2014
Frank (Franklin),2017
Franka Robotics,2016
Frankly Media,2013
Fredahl Rydéns,2014
Freedom Photonics,2005
Freemelt (STO: FREEM),2017
Freenome,2014
FreeNow,2009
Freetrade,2015
Fresh Burritos,2010
Fresh Relevance,2013
Freshworks (NAS: FRSH),2010
Frichti,2015
Frndly TV,2018
FRNT Financial (TSX: FRNT),2018
Frontier Nuclear and Minerals (NAS: FNUC),2018
Frufru,2006
FSport (STO: FSPORT),2013
Fubo (NYS: FUBO),2009
FUEL 10K,2015
FullCircl,2006
Fullstakk,2016
Fun&Sun,2009
Fungible,2015
Furscription,2020
Fusebox (Entertainment Software),2016
Fusion Pharmaceuticals,2014
Fusus,2019
Fuze (Communication Software),2006
Fylamynt,2019
Fyle,2016
Fyndiq,2009
G Squared Ascend II,2021
G1 Therapeutics,2008
Gabi Personal Insurance Agency,2016
Gain Therapeutics (NAS: GANX),2017
Galera Therapeutics,2012
Gambit (Entertainment Software),2017
Game Your Game (NAS: GYGY),2007
Gamelancer,2018
GamePlanner,2020
GamerSpeak,2015
Gamesys,2001
Gaming Analytics,2017
Gaming Technologies,2014
Gamma Labs,2016
Gamma.AI,2018
GaN Systems,2008
GapFish,2013
Garden,2023
Garvis,2020
Gatsby (Financial Software),2018
Gauss,2011
GCommerce,2000
Geins,2005
Gelesis,2006
Gem (Network Management Software),2022
Gemini CAD Systems,2004
Gemini Space Station (NAS: GEMI),2014
Gemini Therapeutics,2015
Gene By Gene,2000
GeneDx Holding (NAS: WGS),2000
Genelux (NAS: GNLX),2001
Genenta Science (NAS: GNTA),2014
General Oceans (OSL: GENO),2021
Generate Biomedicines (NAS: GENB),2018
Generation Esports,2012
Generation Genius,2017
Genetic Networks,2015
Genetico (MISX: GECO),2014
GeneTx,2017
Geneva,2018
GenFlow Biosciences (LON: GENF),2020
GENinCode (LON: GENI),2018
Genomtec (WAR: GMT),2016
Genuine Tea,2015
Genuity Science,2013
Geo Comix,2010
GEO Semiconductor,2009
GeoPhy,2014
Get A-Head,2017
GetaPro,2017
Getaround (OTCM: GETR),2009
GetJenny,2015
ggCircuit,2003
GH Research (NAS: GHRS),2018
Ghost (Consumer Non-Durables),2016
GigaGen,2010
Ginger (Clinics/Outpatient Services),2011
Ginger Desk,2020
Ginkgo Bioworks (NYS: DNA),2008
Ginolis,2010
Giphy,2013
GitLab (NAS: GTLB),2011
Glass House Group (NEOE: GLAS.A.U),2015
Gleamer,2017
Glīd (Rail),2022
Glide Health,2019
Glitch (Software Development Applications),2000
Global Blood Therapeutics,2011
Global Design Innovation,2016
Global Training Aviation,2002
Globe (Business/Productivity Software),2011
Gloo Holdings (NAS: GLOO),2013
Glovo,2015
Glow Technologies,2019
Glu Mobile,2001
Glycotope,2000
Glympse Bio,2015
Godsinlösen Nordic,2010
Gojob,2015
Gold Flora (OTCM: GRAM),2017
Good Chemistry,2021
Good Life+,2021
Good Shepherd Entertainment,2011
Good Therapeutics,2016
GoodPup,2017
GoParrot,2016
GoPuls,2020
Gordon Murray Automotive,2007
Gorilla Technology Group (NAS: GRRR),2001
Gorillas,2020
GQ Bio Therapeutics,2012
Grab Green,2008
Grab2Go (TAL: GRB2G),2020
GradFin,2015
GRAIL (NAS: GRAL),2015
Grainite,2015
Grand-Attic,2021
Grandata,2012
Grandstand Ltd (NAS: GRSD),2006
Graphcore,2016
Graphite Bio,2017
Gravite (Media and Information Services (B2B)),2012
Great Pros,2014
Green Highland Renewables,2007
Green Innovation (Alternative Energy Equipment) (XBUL: HYD1),2016
Green Leaf Medical,2014
Green Motion,2009
Green Streams,2021
Greenbacker Capital Management,2011
Greenbids,2022
GreenCom Networks,2011
GreenMerc Finance,2022
Greenscreens.ai,2020
Grid Finder,2021
GRIID Infrastructure,2019
Groq,2016
Groundbreaker,2016
GroupBy,2013
Groupsense,2014
Grove Collaborative Holdings (San Francisco) (NYS: GROV),2012
Growth Collective,2019
Grüns,2022
Grupa Pracuj (WAR: GPP),2000
Gryphon Digital Mining,2020
GSA Environmental,2003
Guardian Firewall,2013
GuardRFID,2007
Guardum,2016
Guerrilla RF (OTCM: GUER),2013
Guestjoy,2014
Guide Therapeutics,2018
Guideline,2015
Guilded.,2017
Gynesonics,2005
Gyroscope,2016
Habu (Business/Productivity Software),2018
Hadron Energy (NAS: HDRN),2024
Halda Therapeutics,2018
Halo Labs,2010
Halozyme Surf Bio,2021
Hamul,2019
Hannun (MAD: HAN),2017
HapYak Interactive Video,2012
Hark (Leeds),2016
Hart Print,2018
Harvest Savings & Wealth Technologies,2014
has.to.be,2013
HashiCorp,2012
Hashnote,2022
Hashtag You,2018
Hatch (Business/Productivity Software),2016
Haven (Logistics),2014
Hawk (Media and Information Services B2B),2013
HawkEye 360 (NYS: HAWK),2015
Haxiot,2015
Haystack Oncology,2021
HazardHub,2016
HCW Biologics (NAS: HCWB),2018
HDF Energy (PAR: HDF),2012
Headstart (Human Capital Services),2015
Headup,2009
Healion Bio,2020
Health & Her,2017
HealthBeacon,2013
HealthiNation,2005
Hearsay Systems,2009
HeartBeam (NAS: BEAT),2015
HeartSciences (NAS: HSCS),2007
HeleCloud,2016
Helio (Financial Software),2022
Heliogen,2013
HelioHeat,2017
HelloAva,2016
Helpshift,2011
Helyx Industries (MIL: HLX),2015
Hemab Therapeutics Holdings (NAS: COAG),2019
Hemovent,2013
HempFusion,2015
HemPoland,2014
Hempress Hygienics,2019
Hentsū,2015
Hepatic Cell Therapy Support,2011
Hera Systems,2013
Hero Towers,2015
Hertz Energy (CNQ: HZ),2019
Hervé (Food Products),2018
Heuritech,2013
Hexas Biomass,2018
Hexicon (STO: HEXI),2009
Heyday (Canada),2017
Heyday Integrated Circuits,2014
HI-Bio,2021
Hi55 Ventures (LON: SRVL),2020
Hidden Road,2018
HieFo,2023
High Roller Technologies (ASE: ROLR),2005
HigherMe,2014
HighGold Mining,2019
Highsnobiety,2005
Higi (Decision/Risk Analysis),2012
HilleVax,2021
Hinge Health (NYS: HNGE),2014
Hitch (Business/Productivity Software),2010
Hivestack,2017
HLA Data Systems,2000
Hoi Publishing (NGM: IMHO B),2010
HoloBuilder,2012
Holoplot,2011
Home24,2009
HomeToGo (FRA: HTG),2014
Homology Medicines,2015
Honest Day's Work,2022
Honest Health (Other Healthcare Services),2018
Horizon Therapeutics,2008
Hosteltáctil,2003
"Hotshot (Movies, Music and Entertainment)",2017
HotSpot,2013
Hovding Sverige,2005
Hoxton Spirits,2021
Hprobe,2017
HR Capital (XBUL: HRC),2016
Hu,2012
HUB Organoids,2013
Hubbster Group,2012
Hubs (New York),2013
HubTran,2015
Humacyte Global (NAS: HUMA),2004
Human Data Sciences,2006
Humane,2017
HumanFirst (Pharmaceuticals and Biotechnology),2017
Humanigen,2000
Humi (Business/Productivity Softwar),2016
Humio,2016
Hurel,2006
Hutano Diagnostics,2018
HUUB (Logistics),2015
Huuuge (WAR: HUG),2014
Hybrid Power Solutions (CNQ: HPSS),2015
Hybrid Theory,2010
Hydralyte (ASX: HPC),2001
Hydrogen Vehicle Systems,2017
HYDY(San Francisco),2020
Hype (Business/Productivity Software),2016
Hyperfine (NAS: HYPR),2014
Hyperlume,2022
Hypur,2014
Hyzon Fuel Cell,2018
i2O Water,2005
iAsesoria,2012
Ibotta (NYS: IBTA),2012
IC'Alps,2018
icometrix,2011
Icosavax,2017
ID Quantique,2001
ID R&D,2016
Idelic,2016
Identified Technologies,2013
Identify3D,2014
IDRx,2021
Ieso,2000
Ieva Group (PAR: ALIEV),2016
iGenomX,2012
Igloo (Alternative Energy Equipment),2015
Ignis Technologies,2020
Ignium,2019
iJoin,2017
Ikena Oncology,2016
IKS Health (NSE: IKS),2006
iLearningEngines,2010
Ilegal Mezcal,2006
illumex,2021
IllumiCare,2014
Illuria,2018
ImageneBio (NAS: IMA),2016
Imagineoptix,2004
Imago BioSciences,2012
Imara,2016
ImCheck Therapeutics,2015
Imeon Energy (PAR: MLIME),2013
iMerit,2012
Immerok,2022
Immix Biopharma (NAS: IMMX),2012
ImmPACT Bio,2017
Immuneering (NAS: IMRX),2008
Immunetrics,2001
ImmunityBio (NAS: IBRX),2014
ImmunogenX,2013
iMotions,2005
IMOTO Photo,2012
Implanet (PAR: ALIMP),2007
Imprint Energy,2010
In2Bones,2011
IN8bio (NAS: INAB),2016
Inari Medical,2011
Inception Exploration,2011
Incipy,2009
Incuvo (WAR: IVO),2012
Indieflix,2005
INDUS.AI,2017
Industrial Climate Solutions,2017
Infinera,2000
Infinity Stone Ventures,2007
Inflection Risk Solutions,2006
Infleqtion (NYS: INFQ),2007
Influential,2013
Infocyte,2014
InfoSum,2015
Infutor Data Solutions,2003
Inhibrx,2010
Inigo (Insurance),2020
Inin Group,2013
Inivata,2014
Inkbox,2015
Inlightened,2019
Innis & Gunn,2003
Innovium,2014
Innoviva Specialty Therapeutics,2015
Inositec,2015
Inozyme Pharma,2015
Inphi,2000
Inpria,2007
Inras,2011
Inscopix,2011
Insignia Health,2006
Insmed Innovation,2017
Inspire Veterinary Partners (OTCM: IVPR),2020
Instacart (NAS: CART),2012
Instaclustr,2013
InstaDeep,2014
Instil Bio (NAS: TIL),2018
Intefi,2011
Integral Acquisition 1 (OTCM: INTE),2021
Integrity Orthopaedics,2020
InteliWISE,2005
Intelligence Node,2012
Intelligent Fingerprinting,2007
Intelligent Observation,2019
Intelligent Ultrasound,2012
Intellimedia Networks,2011
Intello (Business/Productivity Software),2017
Intera Oncology,2019
Interactions,2002
Intercept Pharmaceuticals,2002
Intersect ENT,2003
InterWell Health,2014
Intracellular Therapies,2002
IntraNav,2014
Intrigue (Network Management Software),2019
IntSights,2015
Intuitive Machines (NAS: LUNR),2013
Invalidiliiton Asumispalvelut,2005
Invecas,2014
Inversago Pharma,2015
InVerse Infra,2023
Invia Group,2002
Invitae,2010
Invivo Healthcare,2007
Invivyd (NAS: IVVD),2020
Invoice2go,2002
Invoiced,2012
Involtum,2012
IO Biotech,2014
io Products,2023
Ionetix,2009
Ionic Security,2011
IonQ (NYS: IONQ),2015
Iora Health,2011
ioTium,2015
IP Strategy Holdings (NAS: IPST),2011
IPG (Managed Care),2002
IPI Legacy Liquidation,2008
IPKeys Power Partners,2014
Iris.TV,2013
Iron Network,2021
IronNet,2014
Ironshore Therapeutics,2008
IRT (Other Commercial Services),2002
Irwin,2017
Isbjörn,2005
Island (Consumer Non-Durables),2014
Isolere Bio,2017
IsoPlexis,2013
Isovalent,2016
iSpecimen (NAS: ISPC),2009
iSTAR Medical,2010
iTeos Therapeutics,2011
Iterpro,2016
ITK,2003
Ivanhoe Electric (ASE: IE),2010
Ivantis,2007
Ivenix,2007
IVERIC bio,2007
IVIVA,2013
Jabra Enhance,2018
Jace Medical,2013
Jackpocket,2013
Jaide Health,2023
JAK Solar,2017
Jakamo,2012
Jampp,2010
Janux Therapeutics (NAS: JANX),2017
Jaramba,2012
Jasper Commerce,2010
Jasper Therapeutics (NAS: JSPR),2018
JasperSoft,2001
Jastrzab Post,2014
Javelo,2015
JBM Solar,2012
JC Medical,2007
Jeeng,2011
Jeli,2019
Jet.AI (NAS: JTAI),2018
Jetcool,2019
JetLend (MISX: JETL),2018
Jetty Extracts,2013
Jina AI,2020
Jiobit,2015
Jit,2020
Jnana Therapeutics,2017
Joby Aviation (NYS: JOBY),2009
Johnson Hana,2015
Jolt (Business/Productivity Software),2012
Joule (Automotive),2018
Joulebug,2009
Jounce Therapeutics,2013
Jour,2018
Journey Medical (NAS: DERM),2014
Jukin Media,2010
Jules AI,2018
Jumpship,2017
Juno EMR,2012
Juno Industries,2025
Jupiter Neurosciences (NAS: JUNS),2015
Just Love,2009
Just Spices,2014
JustGo Juice Nutrition,2019
JustLight,2020
K2 Cyber Security,2017
K33 (STO: K33),2018
Kadromierz,2016
Kaia Health,2016
Kailera Therapeutics (NAS: KLRA),2024
Kairos Pharma (ASE: KAPA),2013
KalVista,2011
Kanabo Group,2017
Kardigan (NAS: KARD),2023
Karma Stratagy,2018
Kärnfull Next (Environmental Services),2022
Karuna Therapeutics,2009
Kast (Entertainment Software),2015
Kate Farms,2011
Kate Therapeutics,2020
Kaupang,2017
KBJ (WAR: KBJ),2005
Keap (Business/Productivity Software),2001
Kedalion Therapeutics,2015
Keepler,2018
Kelonia,2021
Kenkoderm,2019
Keonn,2008
Kerecis,2007
Keriton,2016
Keros Therapeutics (NAS: KROS),2015
Keystone Bank (Regional Banks),2018
Keystone Photonics,2023
Keystone Tower Systems,2010
Kezar Life Sciences,2015
Kheiron Medical Technologies,2016
Kickboard,2009
Kickserv,2006
Kiimo,2018
KiiOn,2017
Kiln Enterprises,2012
Kilter (Social/Platform Software),2016
Kinara,2013
Kinarus,2014
Kinda Brave (STO: BRAVE),2022
Kineta,2006
Kinetic Technologies,2006
Kinnate Biopharma,2018
Kinvolved,2012
Kismet Health,2022
Kite (Software Development Applications),2014
Kitzuma,2020
Kivera,2019
Kiwi (Life and Health Insurance),2017
Klarna Group (NYS: KLAR),2005
Klaviyo (NYS: KVYO),2012
Kleo Pharmaceuticals,2015
Klimatfabriken,2015
Knightscope (NAS: KSCP),2013
Knorex (ASE: KNRX),2009
Knotel Holdings,2015
Knowingo,2015
KnowledgeFox,2012
Koalect,2014
Kodiak AI (NAS: KDK),2018
Kolos Norway,2016
Komodo (Financial Software),2014
Konetik,2014
Kongregate,2006
KonMari Media,2015
Kool2play (WAR: K2P),2013
Koopid,2016
Koukoi Games,2015
Koverse,2012
KPI Ninja,2014
Kraftful,2019
Krizo,2016
Krono-Safe,2010
Kronos Bio,2017
Krux,2016
KT-Shelter,2013
Kumovis,2017
Kung Fu Factory,2002
Kuprion,2016
KushCo Holdings,2010
Kustomer,2015
Kuur Therapeutics,2005
Kvix (NGM: KVIX),2019
Kymab,2010
Kyverna (NAS: KYTX),2018
LaborChart,2014
Lacework,2015
Lactobio,2017
Lacuna Diagnostics,2016
Lakera,2021
Laminar (Surgical Devices),2019
Lana Labs,2016
Landos Biopharma,2017
Landvault,2015
Lane (Application Software),2014
LanzaTech Global (NAS: LNZA),2005
LAPOYOMA,2018
Largo (Electronics) (PAR: ALLGO),2016
LashBack,2003
Latch Systems (OTCM: LTCH),2013
Later (Media and Information Services (B2B)),2013
Latigo Bio (NAS: LTGO),2018
Lava Therapeutics,2016
Layer0,2007
LB Pharmaceuticals (NAS: LBRX),2015
Le Slip Francais (PAR: ALLSF),2012
Leading Light,2008
Leaf Group,2006
Leafline Labs,2014
League Network,2016
Leanbio,2014
Leap (Entertainment Software).,2006
LeapYear,2014
Learning to Sleep,2009
LeaseTrack,2019
LeddarTech Holdings (OTCM: LDTCF),2007
LedgerSwarm,2015
Leef (Acquired),2018
Legimi (WAR: LEG),2009
Lemtapes,2015
LendInvest (LON: LINV),2008
Lengo Therapeutics,2019
LENZ Therapeutics (NAS: LENZ),2013
LeoVegas Group,2011
Lepermislibre (PAR: ALLPL),2014
Lerta,2015
Lessonly,2012
LevelCredit,2013
Levelset,2007
LevlUP Enterprises,2018
Levvel (Consulting Services (B2B)),2013
Lexeo Therapeutics (NAS: LXEO),2018
Lexion,2018
LG Ads Solutions,2012
Lhyfe (PAR: LHYFE),2017
Li-Cycle,2016
Libertine,2009
LibertyX,2013
Libra (Legal Services),2023
Lichthund (WAR: LHD),2015
LifeBrand,2018
LifeDNA,2017
LifeSafe Technologies,2015
Lifestage Solutions,2014
Lift Session,2015
Liftero (WAR: LFR),2019
LightDeck,2009
Lightning eMotors,2009
LightOn (PAR: ALTAI),2016
Lightpoint Medical,2012
LightStep,2013
Lightstream,2014
Lilium (OTCM: LILMF),2015
Limeade,2006
LimFlow,2012
Lineage (NAS: LINE),2008
Lingotek,2005
Lingualeo,2009
Link3D,2016
Linkfire (Business/Productivity Software),2014
Linkfluence,2006
LinkUp (Human Capital Services),2000
Lion Gaming,2013
Lion Semiconductor,2012
Lipella Pharmaceuticals,2005
Lipigon Pharmaceuticals,2010
Lipum,2010
Liqal,2014
Lithium Balance,2006
Live Motion Games (WAR: LMG),2017
Live Objects,2018
LiveBy,2015
LiveEasy,2013
LiveIntent,2009
Livity ( Media and Information Services),2001
LivsMed (KRX: 491000),2011
LlamaZOO,2014
Lmrkts,2011
Lobesity,2015
Lobo Genetics,2018
Local Bounti (NYS: LOCL),2018
Locally.io,2014
Locals Technology,2019
Locked On Podcast Network,2016
LocusView,2014
Lodo Therapeutics,2015
LogicBio Therapeutics,2014
Logik.io,2021
LogiNext,2014
Lokky,2018
Longboard Pharmaceuticals,2020
Longbridge Financial,2012
Longeveron (NAS: LGVN),2014
Loom,2015
Loop (Energy Storage),2000
Loqed,2016
Lore IO,2015
Los Angeles BEAT,2022
Lotame,2006
Loudpack,2016
Louisville Vegan Jerky,2012
LoungeUp,2011
Loupe (Entertainment Software),2016
Lovely Candy Company,2013
Lovenature Superfoods,2016
Lowell Farms,2014
Lowell Therapeutics,2018
Loxysoft,2001
Lua (Business/Productivity Software),2017
Lucid (Media and Information Services (B2B)),2010
Lucira Health,2012
Lucky Kat,2015
Lucy Scientific Discovery,2017
LUCYD (Accessories) (NAS: LUCY),2019
Lumed,2012
LumenRadio (STO: LUMEN),2008
Lumeon,2005
Lumina Instruments,2019
LumiraDx,2014
LumiThera,2013
Lumos Diagnostics Holdings (ASX: LDX),2004
Lunaphore,2014
Lunching,2016
LungLife AI,2009
Lusoco,2017
Lyckegård Group (STO: LYGRD),2010
Lyell Immunopharma (NAS: LYEL),2018
LYF Edibles,2018
Lylli,2011
LymphaTech,2014
Lympo,2016
Lyst,2010
Lytix Biopharma (OSL: LYTIX),2003
m.Doc,2016
MaaT Pharma (PAR: MAAT),2014
Mablink,2018
Mabrian,2013
Machinery Analytics,2020
Mad Drops Pickleball Club,2022
Maddox Defense,2011
Made Scientific,2019
Maestro Health,2013
Magenta Therapeutics,2015
Magic Fuel Games,2015
MagicMed Industries,2020
MAGnetIC (Electronic Equipment and Instruments),2013
Magnopus,2013
Magseis Fairfield,2009
MAIA Biotechnology (ASE: MAIA),2018
MailerLite,2010
Mainstream Renewable Power,2008
Makeswift,2015
Malizen,2020
Malloy Aeronautics,2007
Mandiant,2004
Mangoceuticals (NAS: MGRX),2021
MANTL,2016
MapLight Therapeutics (NAS: MPLT),2018
Mapwize,2014
Mariana Oncology,2021
Marine Performance Systems,2018
Markforged,2013
Marosa,2016
Marpai (OTCM: MRAI),2021
Marqeta (NAS: MQ),2010
Marrone Bio Innovations,2006
Martin (Consulting Services (B2B)),2017
MashMeGroup,2012
Mashup Ireland,2015
Masten Space Systems,2004
Match2One,2015
MatchBio,2023
Material Intellect,2005
"Matrix (Electronic, Equipment, and Instruments)",2016
MATRIXX Software,2009
Matter (Financial Services),2017
Matterport,2011
Matthew Kenney,2009
Mavely,2018
Maven Wireless (STO: MAVEN),2016
Maverick Therapeutics,2016
Maxbone,2016
Maxeler Technologies,2003
Maximum Games,2009
Mayht,2016
Maza,2021
Maze Therapeutics (NAS: MAZE),2018
MBX Biosciences (NAS: MBX),2018
MDLive,2009
MDsave,2012
ME Production (Electrical Equipment),2014
Measure (Business/Productivity Software),2014
Measure Global,2020
MeasureOne,2014
Meati,2014
Meatless Farm,2016
MedApp,2015
MedAware Systems,2013
MedCurrent,2003
MediaCrossing,2012
MedicSpot,2016
Medicx,2006
MediGO (Enterprise Systems),2020
Mednow.ca (OTCM: MDNWF),2018
Meds Apotek (STO: MEDS),2016
MedServe,2017
MedShape,2005
Meetrics,2008
Melio,2018
Meller,2014
Mellitus Health,2014
Melon (Entertainment Software),2017
Melt Pharmaceuticals,2019
Memfault,2015
Memo Therapeutics,2012
Mendell Helium (LON: MDH),2020
Mercatus,2009
MergeBase,2018
Mersana Therapeutics,2001
Merus,2003
Merus Power (HEL: MERUS),2008
Mes Aides Publiques,2018
Mesa Biotech,2009
Mesa Cloud,2019
MesDocteurs,2015
Metabolic Nordic,2013
Metabolomic Diagnostics,2011
Metaco,2014
Metagenomi Therapeutics (NAS: MGX),2016
Metal Casino,2017
Metamorphic,2019
Methinks (Business/Productivity Software),2015
Metria,2011
Metro Bank (LON: MTRO),2010
Metromile,2011
Metsera,2022
Mevo (Electronics (B2C)),2016
MEWO,2013
MGO Global,2018
Miata Metals (TSX: MMET),2021
MicaSense,2014
Micro-LAM,2012
MicroSalt (LON: SALT),2018
Midori Animal Health,2009
Mighty Plants,2019
Mijem (CNQ: MJEM.X),2014
Miles Space,2016
Military Metals (CNQ: MILI),2020
Million Studio,2016
Mimosa Networks,2012
Minalyze,2009
MindBeacon,2016
Mindleap Health,2019
Minehub Technologies (TSX: MHUB),2018
MineralTree,2010
Mineralys (NAS: MLYS),2019
Minerva (Therapeutic Devices) (OTCM: UTRS),2008
Mingl (Business/Productivity Software),2016
Minna Technologies,2016
Mipsology,2015
Mir,2019
Mira Beauty,2017
MIRA Pharmaceuticals (NAS: MIRA),2020
Mirametrix,2010
MIRO Analytical,2016
MiroBio,2018
Miromatrix Medical,2009
Miso Tasty,2014
Mister Spex (FRA: MRX),2007
Mitokinin,2017
MixComm,2017
MK Decision,2015
ML Genius Holdings,2009
MNTN (NYS: MNTN),2009
Mobcrush,2014
Mobia Medical (NAS: MOBI),2007
Mobile reCell,2014
Mobile Vikings,2007
MobileSoft,2004
Mobius Therapeutics,2006
Mobix Labs (NAS: MOBX),2020
Mockmate,2020
Mode (Business Productivity Software),2013
Modera (TAL: MODE),2000
Modern Fertility,2017
Modern Times Beer,2012
Modern Water,2006
ModeX Therapeutics,2020
Modifi Bio,2014
Modus (Media and Information Services (B2B)),2013
Modus Therapeutics (STO: MODTX),2004
Moka (Montreal),2015
Molecubes,2014
Molecular Assemblies,2013
Molecular Science,2017
Molotov,2015
MOMA,2005
Momentus (NAS: MNTS),2017
Monese,2013
MoneyLion,2013
Monk AI,2019
monoDrive,2016
Monogram Technologies (Therapeutic Devices),2015
Monte Rosa Therapeutics (NAS: GLUE),2018
Moolec Science,2022
MoonLake Immunotherapeutics (NAS: MLTX),2021
MoPub,2010
Morpheus Data,2010
Morphic Therapeutic,2014
MortgageGym,2014
MosaicML,2020
Motif Labs,2017
Motimate,2016
Motkraft,2021
Motley,2010
Movano Health,2018
Move About,2007
MoveByBike Europe (SAT: MBBAB),2012
Moveworks,2016
MoviePass,2011
Mowico,2020
Moz (Business/Productivity Software),2004
mParticle,2012
MPP Global,2000
MRV Systems,2010
MS Transverse,2018
MSP Recovery (OTCM: MSPR),2014
Musimap,2015
Mutual Mobile,2009
My Beat (SAT: MYBEAT),2014
My Pathway,2005
Myelo Therapeutics,2013
Myinfomonitor,2005
MyJobNow,2018
Mynaric (STU: M0Y),2009
Mynurva,2017
MYR Pharmaceuticals,2010
MyRissi,2014
Myrmex,2015
Myseum.AI (NAS: MYSE),2014
Myxx,2016
N-Dream,2015
Naiz Fit,2017
Nalu Medical,2014
Namocell,2014
Nano Nuclear Energy (NAS: NNE),2022
NanoAvionics,2014
NanoEcho (STO: NANECH),2013
Nanogenics,2011
NanoString Technologies,2003
Narrato (Business/Productivity Software),2022
Natera (NAS: NTRA),2004
National Green Biomed,2014
Native (Media and Information Services (B2B)),2017
Nativo,2010
Nattaro Labs (SAT: NATTA),2011
Nature's Remedy,2015
Nauticus Robotics (NAS: KITT),2014
Nautilus Biotechnology (NAS: NAUT),2016
Navan (NAS: NAVN),2015
Naventik,2016
Naveris,2017
Navig8,2007
Navitas Semiconductor (NAS: NVTS),2014
nDreams,2002
Near (Los Angeles),2012
Nearside,2018
Nebula Genomics,2016
Neeva,2018
Neliöhinta,2019
Nell Health,2017
Neogene Therapeutics,2018
NeoImmuneTech (KRX: 950220),2014
Neon (Software Development Applications),2021
Neosec,2020
Neosyad,2020
Nepra Foods (CNQ: NPRA),2016
Neptune(London),2015
NerdWallet (NAS: NRDS),2009
Nerdy (Educational Software) (NYS: NRDY),2007
Nerio Therapeutics,2019
Nestwave,2014
Neteven,2005
Netra,2013
Netramark,2016
NetRef,2014
Netsapiens,2002
Netskope (NAS: NTSK),2012
NeueHealth,2015
Neumora (NAS: NMRA),2019
Neura (Business/Productivity Software),2013
Neurescence,2015
Neuro Digital,2018
Neuro-ID,2014
Neurona Therapeutics,2008
NeuroSense Therapeutics (NAS: NRSN),2017
Neutron Holdings (NAS: LIME),2017
NeuVector,2015
Nevro,2006
New Bubbleroom Sweden (STO: BBROOM),2004
New Horizon Aircraft (NAS: HOVR),2013
NewAmsterdam Pharma (NAS: NAMS),2019
Newfront,2017
Newoldstamp,2015
NewsWhip,2011
Nexa3D,2016
Nexalin Technology (NAS: NXL),2010
Nexgel (NAS: NXGL),2009
NexImmune,2011
NexSpring Financial,2011
Next DLP,2016
Next Door Lending,2012
Next Games,2013
Next Generation Resources,2022
Next Kraftwerke,2009
Next Phase Ventures (TSX: NPV),2021
Next Tech (Educational Software),2014
Nextbeat,2024
Nextdoor Holdings (NYS: NXDR),2007
NextInput,2012
NextNav (NAS: NN),2007
Nextpower. (NAS: NXT),2013
Nextremity Solutions,2007
NFL Biosciences (PAR: ALNFL),2006
Ngenic Energi,2010
NH TherAguix,2015
Nhoa Energy,2005
Nickelytics,2019
Nightdive Studios,2012
Nightingale Health (HEL: HEALTH),2013
Nightingale Security,2014
Nikon AM Synergy,2015
NIL Technology,2006
NimbeLink,2013
Nimbella,2018
Nimble Therapeutics,2019
Nimbus Health Distributors (Healthcare),2018
Nipro (Medical Supplies),2013
NJ Bio,2018
NKGen Biotech (OTCM: NKGN),2017
NL Acoustics,2015
NLS Pharmaceutics,2015
Nlyte Software,2004
NNAV Holding 2,2016
Nobl,2012
Noctrix Health,2016
Node (Social/Platform Software),2018
Noetic,2019
Nok Nok,2011
Nom Nom (Consumer Non-Durables),2014
Nomad Reservations,2016
NOMOQ,2022
Noname Security,2020
Noonlight,2013
Nora's,2017
Nord Investments (CSE: NORD),2015
Nordic Data Resources,2015
Norse Atlantic Airways (OSL: NORSE),2021
Northcoders Group (LON: CODE),2015
Northstar Clean Technologies (TSX: ROOF),2015
Nostromo Energy,2017
Notable Labs (OTCM: NTBLQ),2014
Noteable,2020
Notiv,2018
Novaestiq Aesthetics,2021
Novelic,2013
Novellus Therapeutics,2014
Noviga Research,2014
Novomer,2004
Novonix,2013
Novorender,2016
Novosteo,2017
Novus (Financial Software),2007
Nowo (Financial Software) (NGM: NOWO),2014
NRx Pharmaceuticals (NAS: NRXP),2015
Nth Party,2019
NTS,2015
NTT Application Security,2000
Nubis Communications,2020
Nuburu (OTCM: BURU),2015
Nuclia,2018
Nude Beverages,2017
NuOrder,2011
NuPark,2013
NuScale Power (NYS: SMR),2007
Nutmeg (Financial Software),2011
Nuvalent,2017
Nuvation Bio (NYS: NUVB),2018
Nuvectis Pharma (NAS: NVCT),2020
NUVIA (Application Specific Semiconductors),2010
Nuvolo (Business/Productivity Software),2014
NVN Liquidation,2006
Nxu (OTCM: NXUR),2016
Oakland,2019
Obalon Therapeutics,2008
Oberon Investments (AQSE: OBE),2017
Obie,2013
Obiz (PAR: ALBIZ),2010
Objective,2021
Obp,2021
Observo AI,2022
OccasionGenius,2015
Ocean Biomedical (OTCM: OCEA),2019
Ocean Harvest Technology,2005
Octavian Therapeutics,2017
OctoAI,2019
Oculid,2017
Oculii,2015
Ocumeda,2019
Odense University Hospital,2016
Odin Vision,2018
Odyssey Therapeutics (NAS: ODTX),2018
OfferFit,2020
Offerpad Solutions (NYS: OPAD),2015
Officinae Bio,2020
OhmniLabs,2015
Ojjo,2018
Okarito,2018
Olenox,2024
Olive & June,2013
Olivia (Financial Software),2015
Olyn (Media and Information Services),2021
Omada (NAS: OMDA),2011
Omega Therapeutics,2017
Omen Technologies,2019
OmicEra Diagnostics,2019
Omixon,2011
OmniAb (NAS: OABI),2007
OmniLife Health,2016
Omniome,2013
Omnipresent,2019
Omnivore,2013
On Holding (NYS: ONON),2010
OnApp,2010
Once Dating,2014
Oncoceutics,2009
Oncodisc,2018
Oncogeni,2019
Onconetix (NAS: ONCO),2018
Ondat,2015
Ondot (Financial Software),2011
One Codex,2014
One Medical (Clinics/Outpatient Services),2007
One River Asset Management,2013
OneCloud,2017
OneFlow (STO: ONEF),2012
OneGraph,2018
OneMedNet (NAS: ONMD),2009
OneSpace,2010
OneWelcome,2021
OneWire,2007
Onfolio (NAS: ONFO),2019
OnlineApplication,2017
Onrego,2012
Onum,2022
Onvis,2025
ONWARD Medical (BRU: ONWD),2014
Onyon,2020
Onyx (Information Services (B2C)),2018
OODA AI (STO: OODA),2017
OODA Health,2017
Oosto,2015
OpenExO,2017
Openfinance (Financial Software),2014
OpenGov,2012
Openpath,2016
OpenReel,2016
Oppilan Pharma,2015
Opstrace,2019
Optinergy,2008
Optodot,2000
Optoro,2010
Optoscribe,2010
Opus Genetics (acquired in 2024)),2021
Opus One Solutions,2011
Opyn (Specialized Finance),2012
Oqton,2017
Orb (Business / Productivity Software),2021
Orb Health,2011
ORB Sport,2017
Orbital Therapeutics,2022
Orcadian Energy (LON: ORCA),2014
Orchard Therapeutics,2015
Orchestra BioMed Holdings (NAS: OBIO),2017
orderbird,2011
Orderhero (STO: HERO),2016
Organic Basics,2014
Origimm,2012
Origin AI (Network Management Software),2012
Origin Materials (DUS: 5ER0),2008
Orna Therapeutics,2019
OrphAI Therapeutics,2013
Ortelius International,2019
OS Therapies (ASE: OSTX),2017
Oscar Health (NYS: OSCR),2012
OSD,2005
Osmosun (PAR: ALWTR),2014
Ostro,2018
Othership (Other Commercial Services),2018
Otherwise (Insurance Brokers),2016
OurLiving (Acquired),2016
Ouro Medicines,2024
OutPlay,2014
OutSquareMD,2019
Ovizio,2009
Owasys,2002
Owatec,2013
Owler,2011
Owlet Baby Care (NYS: OWLT),2012
Own Company,2015
Oxford Immunotec,2002
Oxford Ionics,2019
Oxford Nanopore Technologies (LON: ONT),2005
Oxio (Internet Service Providers),2016
OXLiD,2021
P2X Solutions,2020
Pacific Enterprise Bank,2007
Pack Health,2013
Package Concierge,2012
Packed Party,2013
Packitoo,2017
Pagaya Technologies (NAS: PGY),2016
Paige,2017
Paintbox (Services (B2C Non-Financial)),2014
Palamedrix,2017
Palette Life Sciences,2009
Palifer,2019
Palm Beach Royals,2025
Palm NFT Studio,2021
Pamono,2013
Pampadu,2019
Pana (Media and Information Services (B2B)),2014
Pandion Therapeutics,2017
Pandologic,2007
"Pangea (Palo Alto, California)",2021
Pangea Money Transfer,2012
Panoramic Mediaco,2022
PanTHERA CryoSolutions,2017
Panthronics,2014
Paperspace,2014
Parabilis Medicines (NAS: PBLS),2015
Paradox (Business/Productivity Software),2016
Paragon 28,2010
Paragon Data Labs,2020
Paragonix,2010
ParaPRO,2002
Parcus Medical,2007
Pardes Biosciences,2020
Park Place Payments,2018
Parkwind,2012
Parlem Telecom (MAD: PAR),2014
Parse Biosciences,2018
Parsec Cloud,2016
Particle (Software Development Applications),2012
Parvis Invest (TSX: PVIS),2021
Pasithea Therapeutics (NAS: KTTA),2020
Passage Identity,2020
PassFort,2015
Passport,2017
Passworks,2014
Pasta Evangelists,2016
Patch Biosciences,2020
Pathmotion,2009
PathologyWatch,2017
Pathway Medical,2020
Patina (Consulting Services),2008
PatternEx,2013
PaulCamper,2013
Paw Print Genetics,2012
PayCertify,2014
PayComet,2010
PayGreen,2010
Payix,2016
Payoneer (NAS: PAYO),2005
Payrailz,2016
Payrix,2015
PayU,2002
PayVeris,2011
Payzer,2012
Peace of Meat,2019
Peach State Bank & Trust,2016
Peak (Manchester),2014
Peak Brain Training,2012
Peakon,2014
Pear Therapeutics,2013
Peerboard,2019
PEKAT VISION,2011
Peltarion,2004
Pensando,2017
PensionBee Group (LON: PBEE),2014
Penta Fintech,2016
Pentavere,2016
Pentixapharm Holding (FRA: PTP),2019
Pento,2016
Peoplehood,2019
PepGen (NAS: PEPG),2018
Pepins,2015
Peraso (NAS: PRSO),2008
Perception Point,2015
Perch (Electronic Equipment and Instruments),2016
Perfuse Therapeutics,2018
PeriShip,2001
Perkbox,2010
Perpetua (Business/Productivity Software),2016
PersistIQ,2014
Personal Genome Diagnostics,2010
Petabyte Technology,2019
PetMedix,2017
PF WaterWorks,2007
PFS Genomics,2015
PFSN,2018
PhagoMed Biopharma,2017
Pharmiva,2015
Pharvaris (NAS: PHVS),2015
Phasya,2014
PhenomeX,2011
Pherecydes Pharma,2006
Phoenix Health & Safety,2004
Phoenix Motor (OTCM: PEVMD),2003
Phone.com,2008
PhysioAssist,2012
Physitrack (STO: PTRK),2012
Picard Medical (ASE: PMI),2007
Pickpocket,2016
Picky Bars,2010
Picodi,2010
Piedmont Animal Health,2001
Piedmont Bank,2006
Pila Pharma (STO: PILA),2014
Pilates Metrics,2014
Pilloxa,2015
Pineapple Financial (ASE: PAPL),2015
PinnacleCare,2001
PinPoint Testing,2013
Pionyr Immunotherapeutics,2015
Pishposh (Internet Retail),2014
Pivot Financial,2015
Pivot3,2002
Pivotal Systems,2003
PixelMe,2017
PixelPin,2007
Pixfam (NGM: PIXFAM),2013
Pixonic,2009
Pizzabakeren,2003
Plan A (Business/Productivity Software),2017
Planck Aerosystems,2014
Planday,2004
Planet Found Energy Development,2011
Planet Labs (NYS: PL),2010
Planethic Group (FRA: VEZ),2011
Planetly,2019
Plastiq,2012
Playdemic,2009
Playdigious,2015
PlayerLync,2011
"Playmaker (Movies, Music and Entertainment)",2019
Playmaker Capital,2021
Playspace (Digital Collaboration Platform),2016
PLAYSTUDIOS (NAS: MYPS),2011
Plenish (Beverages),2012
Plexian,2017
PlugSurfing,2012
Pluma,2015
Pluribus Networks,2010
PLUS (Consumer Non-Durables),2015
PlusDental,2017
PlushCare,2014
PMD Device Solutions,2011
PMGC Holdings (NAS: ELAB),2020
Podchaser,2016
Podcorn,2019
Podz,2020
Point Biopharma Global,2019
Point Solutions Group,2017
Polar Security,2020
Pollenity (XBUL: BEE),2013
Pond5,2006
Ponder,2021
Pontus Water Lentils,2018
Pony.ai (HKG: 02026),2016
Poppi,2015
Populi (Business/Productivity Software),2020
Portavita,2002
Poseida Therapeutics,2014
Poshmark,2011
Posterton,2020
PotGuide,2013
Potion (Internet Software),2020
Power (Financial Software),2021
PowerDot,2013
Poynt,2013
PozLab,2010
Praesum Healthcare Services,2003
PreCardia,2017
Preciseley Microtechnology,2006
Precision Extraction Solutions,2011
Precision Healing,2020
Predata,2015
Predibase,2020
Predicare,2011
Preligens,2016
Prepared,2019
Presto,2008
Prevail Therapeutics,2017
Prevenio,2011
Preventice Solutions,2007
Primary (Business/Productivity Software),2015
Prime Medicine (NAS: PRME),2019
Primordia,2018
PrivacyCode.ai,2021
PROCEPT BioRobotics (NAS: PRCT),2009
Procore Technologies (NYS: PCOR),2002
Prodfiler,2018
Prodigy (Automotive),2015
Profit by Paymentus,2019
Profitero,2010
Profithol (MAD: SPH),2013
ProfoundBio,2018
ProfumeriaWeb,2010
Progressus Clean Technologies,2021
Progyny Global,2019
Project Sage Oldco,2003
Prolupin,2009
Prometheus Biosciences,2016
Prompt Security,2023
ProNavigator,2016
Pronto Money Transfer,2005
Propel Holdings (TSE: PRL),2011
ProSomnus Sleep Technologies,2006
Protean Electric,2008
Protect AI,2022
Proterra (Road),2004
Protocol Media,2019
Protocols.io,2012
Protomer Technologies,2014
Protypia,2017
Provention Bio,2016
Provision Healthcare (Hospitals/Inpatient Services),2005
Pry Financials,2019
PsyBio Therapeutics,2009
PsyRx CNS Bio-Tech (TAE: PSRX),2019
Public Square (NYS: PSQH),2021
Pulmokine,2007
PulpoAR,2013
Pulse (Social/Platform Software),2017
Pulsic,2000
Pulsify (Business/Productivity Software),2018
Punch Punk Games (WAR: PPG),2016
Punchh,2010
pure-systems,2001
Purebread Brands (TSX: BRED),2019
PureCycle Technologies (NAS: PCT),2015
Purigen Biosystems,2012
Purilogics,2013
Puro Lighting,2019
Purvala Bioscience,2020
Push Gaming,2010
PushPushGo,2017
Pyramid Biosciences,2015
Pyros,2017
Pyxis Oncology (NAS: PYXS),2018
QAD Networks,2009
Qapa,2011
QEV Technologies (AMS: QEV),2013
Qilibri,2018
QIS Risk,2021
Qlucore (STO: QCORE),2007
Qmicro,2013
QNA Technology (WAR: QNA),2016
Qorix,2023
Qpex,2015
QRails,2016
QSAM Biosciences,2004
Quack AI (Business/Productivity Software),2022
Quadraxis,2003
Quanergy Systems,2012
Quantib,2012
Quantinuum (NAS: QNT),2021
Quantum Circuits,2015
Quantum Exponential Group,2021
Quantum-Si (NAS: QSI),2013
Quaze,2014
Qubit (Business/Productivity Software),2010
Qubitekk,2013
QueueDr,2013
Quint (United States),2002
Quoin Pharmaceuticals (NAS: QNRX),2018
Quorate Technology,2011
Qustodio,2012
Rad Power Bikes,2007
Radicle (Environmental Services (B2B)),2008
Radionomy Group,2013
Radish (Publishing),2014
RadiSurf,2015
Radius8,2015
Radix Motion,2018
RadTran,2012
Raidix,2009
Rail (Financial Software),2021
Railbird Exchange,2021
Rain Oncology,2017
RainBIO,2020
Raito (Network Management Software),2021
Rallybio (NAS: RLYB),2018
Rani Therapeutics (NAS: RANI),2012
RanLOS (NGM: RLOS B),2016
Rapid Financial Solutions,2005
Rapid Micro Biosystems (NAS: RPID),2006
RapidDeploy,2014
Rapport Therapeutics (NAS: RAPP),2022
RAPT Therapeutics,2015
Raw Cut Television,2002
Raxium,2017
RayThera,2023
RayzeBio,2020
Razor Genomics,2014
Re Mat,2018
RE2 Robotics,2001
Reacha,2017
Reachbird,2015
Readly International,2012
Reality Sports Online,2012
Reallusion (ROCO: 6882),2000
Reata Pharmaceuticals,2002
REBELLE,2013
Recipe Products,2015
Reciprocity (Entertainment Software),2017
Reclaim.ai,2019
Recovid Solutions,2020
Recur Outdoors,2013
Recursion Pharmaceuticals (NAS: RXRX),2013
Recycl8,2019
Recyclus Group,2019
Red Canary,2013
Red Leaf Resources,2006
RED Technologies,2012
RedBlock (Asset Management),2019
RedCloud Technologies (NAS: RCT),2012
Reddit (NYS: RDDT),2005
RedDoor,2018
Redeeming Development Group,2017
Redegal (MAD: RDG),2004
Redelfi (MIL: RDF),2008
Redfin,2002
Redline Trading Solutions,2008
Redmill Advance,2018
Reed (Electronic Equipment and Instruments),2016
Reflect Systems,2001
Reflektive,2014
Regrello,2021
Regulus Therapeutics,2007
Rehaboo!,2016
ReKTGlobal,2016
Relationship Science,2010
Relevvo,2021
Reliance Lithium Werks,2017
Relievant,2006
Remedy Analytics,2011
Remine,2016
Remitly (NAS: RELY),2011
Remix Technologies,2014
RemovAid,2012
Renasci (Environmental Services),2017
Reneo Pharmaceuticals,2014
Renew Home,2023
Renovacor,2013
RenovoRx (NAS: RNXT),2009
RentGuarantor (LON: RGG),2006
Renty App,2020
RePack,2011
RepairPal,2007
Repare Therapeutics,2016
Repeat.gg,2013
Replace Therapeutics,2022
Replicate,2019
Reposify,2016
Repstor,2012
Rescoll,2000
ReserveBar,2013
"Resi (Movies, Music and Entertainment)",2014
Resilient Power,2015
ResoluteAI,2015
Resolution Bioscience,2012
Resonant,2012
ResourceX,2015
Respiratory Motion,2010
Responsum (Business/Productivity Software),2021
Retrieve Medical (PKPH),2019
Retrogenix,2008
Returnly,2011
Revel Bikes,2019
Revelation BioSciences (NAS: REVB),2020
Reverie Labs,2017
Reverse Mortgage Solutions,2007
Revibe Technologies,2013
ReViral,2011
RevvSales,2018
Reworks,2018
Rewrite therapeutics,2016
Rexer,2014
Rezilion,2018
Rezolve Ai (NAS: RZLV),2016
Rezonence,2013
RF Coverage (Telecommunications Service Providers),2012
RFiD Discovery,2016
Rhebo,2014
RHEI,2005
Rheincell Therapeutics,2015
Rhino Entertainment,2020
Rhode,2021
Rhombus Energy Solutions,2012
Riaktr,2009
Richtech Robotics (NAS: RR),2016
rideOS,2017
RIFT (IT Consulting and Outsourcing),2013
Rigetti Computing (NAS: RGTI),2013
Rightbot,2020
RightBridge Ventures,2020
RightRice,2017
RigNet,2000
Riley's (Other Consumer Non-Durables),2011
Rimrock Renewables,2022
Riskified (NYS: RSKD),2013
RiskIQ,2003
Ritual Zero Proof,2019
RIV Capital,2017
Rivalry (TSX: RVLY),2017
Rivian Automotive (NAS: RIVN),2009
Rivos,2021
Rize Oncology (OTCM: RZONF),2018
Rnwl,2019
Road Runner Media,2017
Road Studio (WAR: RST),2020
RoadDB,2014
Roadie (Logistics),2013
ROADMap (Fiberoptic Equipment),2013
Roadster,2013
Roadzen (NAS: RDZN),2015
Robinhood (NAS: HOOD),2013
ROCA Test,2010
Rockerbox,2013
Rocket Lab (NAS: RKLB),2006
RocksBox,2012
Rockset,2016
Rodeo Therapeutics,2017
ROI Hunter,2014
Roi Rekrytering,2008
ROI·DNA,2012
Romeo Power,2016
Roomex,2004
Root AI,2018
Roqqett,2019
Rotate,2022
Rotor,2012
Rovio Entertainment,2003
Royal Alliances,2012
Royalty Management Holding (NAS: RMCO),2021
RPM Interactive,2022
Rubicon (Financial Services),2020
Rubicon Technologies,2008
RubiconMD,2013
Rubrik (NYS: RBRK),2014
RubrYc Therapeutics,2017
Ruckus Networks,2002
Rules Based Medicine,2002
RUM Group (NAS: RUM),2013
Runecast,2014
RunMyProcess,2007
RushFiles,2012
RxDataScience,2016
RxSaver,2009
Ryte,2012
S12 Solutions,2017
SAb Biotherapeutics (NAS: SABS),2014
SafeBase,2020
Safekeep,2019
Safello Group (STO: SFL),2013
SafePointe,2010
SafetyPay,2007
SafetyTek,2014
Sage Sales Management,2011
SAGE Therapeutics,2010
Sagely Naturals,2015
Sagent Pharmaceuticals,2006
Sagimet Biosciences (NAS: SGMT),2006
Saisei,2013
Salo Sciences,2016
Salty Dot,2019
Samarkand Group,2016
SAMDI Tech,2011
Samooha,2022
Samsara (NYS: IOT),2015
Sana,2016
Sandbox Banking,2015
Sanifit,2007
Sanity Group,2018
SAP LeanIX,2012
Satalia,2008
Satelles,2008
Satellogic (NAS: SATL),2010
Satiogen Pharmaceuticals,2007
SatisMeter,2014
SATO Technologies (TSX: SATO),2017
Satori (Network Management Software),2019
Satsuma Pharmaceuticals,2016
Save Money Cut Carbon,2009
Say,2017
Saylent,2006
SberMarket,2013
SBS,2012
Scale Biosciences,2020
Scalefast,2014
Scalium+,2022
ScalmiBio,2018
Scalyr,2011
Scanway (WAR: SCW),2016
SciAps,2012
Scibids Technology,2016
Science 37 Holdings,2014
Scienture,2019
Scite,2018
Scorpion Therapeutics,2020
Scouted,2014
ScPharmaceuticals,2013
Screambox,2013
Scribe Therapeutics (NAS: SCTX),2017
ScriptDrop,2016
SCRIPTS,2017
Scynce LED,2017
SEA Electric,2012
Seagems,2003
Seaport Therapeutics (NAS: SPTX),2020
SeaStar Medical (NAS: ICU),2007
Secaro,2008
Seclab,2011
Second Spectrum,2013
Secure-IC,2010
SecureAppbox,2011
SecureCircle,2015
SecureSave,2020
SecurionPay,2014
SecurityAdvisor,2018
Securrency,2015
Secuvant,2014
Sedona Systems,2014
SeedInvest,2012
Seedrs,2009
SeeQuestor,2014
Segmint,2007
Sehteq,2017
Selina Hospitality (OTCM: SLNAF),2014
Selinko,2012
Sellics,2014
SemiCab,2018
Semler Scientific,2007
semvox,2008
Sendwave,2011
Seneco,2010
Seniorly,2014
Sense Photonics,2016
senseFly,2009
SenseHawk,2016
Sensi (Machinery (B2B)),2019
Sensibill,2013
SensorFact,2016
Sensu,2012
Sentenial,2003
Senti Biosciences Holdings (NAS: SNTI),2016
Sentian.AI,2016
Sentieo,2012
Sentil,2000
SentinelOne (NYS: S),2013
Sentinum,2018
Sentric Music Group,2006
Sentronics Metrology,2006
Septerna (NAS: SEPN),2019
SeQure DX,2020
Sera Prognostics (NAS: SERA),2008
Sercomgas,2018
Serenity Pharmaceuticals,2006
Serina Therapeutics (ASE: SER),2006
ServiceTitan (NAS: TTAN),2007
SES AI (NYS: SES),2012
SessionM,2011
Sexton Biotechnologies,2019
Seyond,2016
SGNL,2021
Shapeways Holdings (OTCM: SHPWQ),2007
Shareablee,2013
Sharedo,2011
Sharktower,2020
Sharp Reflections,2009
SharpLink (Financial Software) (NAS: SBET),2019
She Beverage Company,2015
Sheerluxe,2007
Sherlock Biosciences,2019
ShieldX,2015
ShiftRight (Business/Productivity Software),2019
Shipsta,2015
ShockWave Medical,2009
ShoeAI,2012
Shopbrain,2007
Shoplo,2011
ShopRunner,2010
Shoreline.io,2019
Shoulder Innovations (NYS: SI),2009
Shuttle Pharmaceuticals Holdings (NAS: SHPH),2012
SICK MOBILISIS,2005
Sideqik,2012
Sidertia,2012
Sidus Space (NAS: SIDU),2012
Siemplify,2015
Sierra Oncology,2003
Siete Family Foods,2014
Sight Sciences (NAS: SGHT),2010
Sightic Analytics,2019
SightPlan,2013
Sigi (Therapeutic Devices),2014
Sigilon Therapeutics,2015
Sigmastocks,2014
Signalbox Technologies,2013
Signing Day Sports,2019
Siklu,2008
Silicon Radar,2006
Silk Road Medical,2007
Silver Bow Mining (ASE: SBMT),2020
Silver Bullet Data Services Group (FRA: 68Q),2013
SilverCloud Health,2012
SimAnalytics,2013
SimilarWeb (NYS: SMWB),2007
Simple Mills,2012
SimpleBet,2018
SimpleNexus,2011
Simpliconnect,2000
Simpo,2016
Simumatik,2018
Sinch Engage-EMEA,2015
Sinergise,2008
Singular (Sliema),2009
Singular Key,2018
Singularity 6,2018
Sion (Financial Software),2018
Sionna Therapeutics (NAS: SION),2019
Sirnaomics (HKG: 02257),2007
SiteOne Therapeutics,2010
Siva Therapeutics,2010
Six to Start,2007
Sixense Enterprises,2007
SkandiaEnergi (OSL: SKAND),2015
Skedify,2014
SkillPointe,2020
Skio,2020
Skipperi,2017
Skolon (STO: SKOLON),2015
Skriware,2015
Sky Harbour Group (NYS: SKYH),2017
Sky Sapience,2010
SkyAI (NAS: SKYA),2017
Skylar.,2017
Skyrise.Tech,2013
Skytap,2006
Slack,2009
SlashNext,2014
Slide Insurance (NAS: SLDE),2021
Smaato,2005
Small Pharma,2015
Smallab Learning,2010
Smart Immune,2017
Smart Organic (XBUL: SO),2009
Smart Valor,2017
SmartAxiom,2015
SmartCV (Business/Productivity Software),2019
SmartEquip,2000
Smartlytics Consultancy,2016
SmartRecruiters,2010
SmartRent (NYS: SMRT),2017
Smarttech247 Group,2007
SmartWitness,2007
Smoking Gun Interactive,2007
SnapMed,2016
SnapSupport,2017
Snowe,2015
Snowprint Studios,2015
Socati,2017
Social Chain (Media and Information Services (B2B)),2014
Social Finance (NAS: SOFI),2011
Social Snowball,2020
SocialWave (Media and Information Services),2013
Sofos Harbert Renewable Energy,2017
Soft Robotics,2012
SoftEye,2022
Softhale,2012
Soin Neuroscience,2016
Sojern,2007
Solargraf,2013
Solectrac,2012
Solid Clouds (ICE: SOLID),2013
Solid Power (NAS: SLDP),2011
Solid Ultrabattery,2019
Soliton,2012
Solvvy,2013
Solynta,2008
Soma Labs Scientific,2013
Some Spider Studios,2014
Sonantic,2018
Sonder Holdings,2012
Sonnet.,2018
Soofa,2014
Sophia Genetics (NAS: SOPH),2011
Sora (Network Management Software),2020
Sorted (Logistics) (LON: SORT),2010
Sotera,2004
SoundHound AI (NAS: SOUN),2005
Sounding Board,2016
Source Rock Royalties (TSX: SRR),2012
Sourced Group,2010
South West Brands,2020
Soylent,2012
Space Fox Games (WAR: FOX),2014
SpaceX (NAS: SPCX),2002
Spartoo (PAR: ALSPT),2006
Spear Power Systems,2013
Spearad,2019
Specific ( Healthcare Devices and Supplies),2011
Specificity (OTCM: SPTY),2020
Specto,2019
Spectra7 Microsystems,2010
Spectral AI (NAS: MDAI),2009
SpectraWAVE,2017
Speechly,2016
Speed Digital,2012
SpendLabs,2013
Spenn Investor,2015
Spherics (Business/Productivity Software),2020
Spherio Group,2017
Spiff,2017
Spin (Automotive),2017
Spindle Biotech,2017
Spinnova (HEL: SPINN),2015
Spintso,2004
Spire Global (Commercial Services) (NYS: SPIR),2012
Splunk,2003
SplxAI,2023
SpoluWorks Perfecta,2000
SportCC,2009
Sports Entertainment (NAS: SEGG),2015
Sports Innovation Lab,2017
SpotHero,2011
Spott (Commercial/Professional Insurance),2020
SpotX (Media and Information Services (B2B)),2007
SPR Therapeutics,2008
Spring Garden Capital Group,2016
Springbig Holdings (OTCM: SBIG),2012
Springbuk,2009
Springpower International,2010
SpringWorks Therapeutics,2017
Spruce (Real Estate Services (B2C)),2016
Sprungpark.de,2017
Spur Therapeutics,2015
Spyce,2015
SpyGlass Pharma (NAS: SGP),2019
Spyrosoft BSG,2016
SQD,2021
SQM (Real Estate Services),2018
Sqreen,2015
Squadle,2013
Squawka,2012
SS&C Blue Prism,2001
SS&C Technologies (Texas),2014
SSIMWAVE,2013
Stack AI,2021
Stack Overflow,2008
Stackla,2012
Stages Cycling,2010
Staige,2016
Stainless Software,2022
Stakelogic,2014
Stakes,2019
Standard Bariatrics,2014
Standard Nuclear (NYS: STDN),2024
StandardFusion,2015
Starboard Solutions,2014
Stardust Solar Technologies (TSX: SUN),2017
Starfighters Space (ASE: FJET),2022
Starschema,2006
Startuppz,2022
Stash,2015
stashcat,2013
Statera Biopharma (OTCM: STAB),2003
Statice,2017
Statsig,2021
StaySafe,2011
StayTuned (Business/Productivity Software),2018
SteadyMD,2016
Stem (NYS: STEM),2009
StemoniX,2014
Stilio (Media and Information Services (B2B)),2017
Stilla Technologies,2013
Stimit,2018
Sting Industries,2021
StitcherAds,2009
Stocard,2011
StoryToys,2011
Strainz,2013
Strata Critical Medical (NAS: SRTA),2014
Strata Health,2001
Strategic Partners (Denmark) (CSE: STRAP),2009
Stratify Genomics,2018
Stratumn,2015
Strawbees,2014
Streamlit,2018
StreamSets,2014
StreetLight Data,2011
StreetShares,2013
StrideBio,2015
Strive.,2022
Strong Roots,2015
Stronghold Digital Mining,2021
Strossle,2013
Structure Therapeutics (NAS: GPCR),2016
StruXure Outdoor,2011
STRYDE (Commercial Products),2019
StubHub (NYS: STUB),2000
Stylus,2009
Stytch,2020
Sub(x),2013
Sublime Canna,2015
Sucro (TSX: SUGR),2014
SUD Energies Renovables,2005
SunCommon,2002
Sunnyside,2018
Super Biz,2021
Super Free Games,2011
Super League (NAS: SLE),2014
Supercharge (Business/Productivity Software),2010
Superette (Specialty Retail),2017
Superfruit Scandinavia,2007
SuperHuman Labs.,2013
SuperNode (Energy Infrastructure),2018
Supply Vision,2010
SupplyFrame,2003
SupplyPike,2018
Sureline Systems,2010
Surface Oncology,2014
Surgical Innovation Associates,2016
Surrozen (NAS: SRZN),2015
Sushi Bikes,2019
Sust Global,2018
Sustain.Life,2021
Suzhou Sepax Technologies (SHG: 688758),2002
SwagUp,2017
Swapstack,2020
Swarm64,2013
Swarmer (NAS: SWMR),2023
Swascan,2016
Sweden Buyersclub (STO: BUY),2015
Swedspot,2012
Sweetgreen (NYS: SG),2006
Swipcar,2018
SWIR Vision Systems,2018
Switcho,2019
Symbio Me,2019
Symbiont.io,2013
Symbiosys,2022
Symeo,2005
Synaffix,2010
Syndesi Therapeutics,2018
Synimmune,2010
Syra Health (OTCM: SYRA),2020
Syrinix,2004
Sysmex Astrego,2017
T1 Energy (NYS: TE),2018
T3 Pharmaceuticals,2015
Tablo (Electronics (B2C)),2010
Taboola (NAS: TBLA),2007
Tabular,2021
TAC Security (NSE: TAC),2013
Tag Games,2006
Tagger,2015
Taimer,2012
TakeOut7,2018
Talaris Therapeutics,2002
TalentSpace,2017
Talenya,2016
Talis Biomedical (OTCM: TLIS),2010
Talis Clinical,2012
Talkspace (NAS: TALK),2011
Tallo,2012
Talon.One,2015
Talos (Software Development Applications),2000
Tan Delta Systems (LON: TAND),2007
Tango Health,2008
Tango Therapeutics (NAS: TNGX),2017
Tap (Financial Software) (LON: TAP),2018
Tapjoy,2007
Tapkit (Business/Productivity Software),2019
Tapp Water,2016
Tappit,2018
TargetSpot,2007
Tastemade,2012
tastytrade,2011
Tata Harper Skincare,2010
Tavros Therapeutics,2019
TaxProper,2019
TC Biopharm,2014
TCR2 Therapeutics,2015
Teads,2006
Teal Drones,2014
Teamshares (NAS: TMS),2019
Tec4med,2015
Tectonic Therapeutic (NAS: TECX),2019
Tegus (Financial Software),2017
Tehama,2019
Telensa,2005
TeleSense,2014
Telesis Bio (OTCM: TBIO),2011
Telomir Pharmaceuticals (NAS: TELO),2021
Tempo Automation Holdings,2013
Tempow,2016
Tempus AI (NAS: TEM),2015
Tenaya Therapeutics (NAS: TNYA),2016
Tendeka,2009
Tendo (Therapeutic Devices),2016
TeneoBio,2009
Tenfold (Business/Productivity Software),2014
Tenon Medical (NAS: TNON),2012
Teraimmune,2016
TeraView (KRX: A950250),2000
Terns Pharmaceuticals,2016
TerraFlame,2011
Terran Orbital,2013
TerraZero Technologies,2021
Terrestrial Energy (NAS: IMSR),2013
Teton Simulation,2016
TetraGenetics,2004
Texts,2020
The Ambassador Platform,2016
The Athletic,2016
The Behavioural Insights Team,2010
The Block,2018
The Bradery,2018
The Browser Company,2019
The Coda Collection,2020
The Data Appeal Company,2013
The Digital Box,2013
The Doers,2012
The Filter,2004
The Free Press,2021
The Giving Block,2018
The Glimpse Group (NAS: GGRP),2016
The GP Service,2014
The Humble Co.,2013
The Hustle,2015
The Label,2016
The Mint,2023
The Peak,2020
The Pet Vet,2011
The Small Exchange,2017
The Spot 420,2013
The Turmeric Co.,2016
The Yes,2018
Theatro,2011
Thefork,2007
THEO Technologies,2012
Theorem (Financial Software),2014
TheraB Medical,2014
Theragnostics,2013
Theseus Pharmaceuticals,2017
Thinkific (TSE: THNC),2012
Thinking Tree Spirits,2014
Thinx,2013
Third Harmonic Bio,2019
ThirdEye Labs,2015
ThorDrive,2016
Threat Stack,2012
Threat Status,2017
ThreatX,2014
ThredUp (NAS: TDUP),2009
threedy AI,2018
Thrive Cannabis,2015
Thrive Earlier Detection,2016
Thriving Springs,2022
Thymmune,2019
Tiaxa,2000
TiBit Communications,2014
Tidal Music,2009
Tidal Therapeutics,2019
Tiendeo,2011
Tignis,2017
Tigo Energy (NAS: TYGO),2007
Tile (Electronics),2012
Tilting Motor Works,2008
Time2play Media,2018
Tinearity (STO: DEAR),2020
Tink (Financial Software),2012
TinyBuild (LON: TBLD),2011
TINYpulse,2012
Tipser,2011
Titan Robotics (Machinery),2014
Tivic Health Systems (NAS: VBIO),2016
Tmunity,2009
Toast (NYS: TOST),2011
Togai,2022
Token IQ,2017
TokyWoky,2013
Tomahawk Robotics,2018
Toosla (PAR: ALTOO),2016
Topo Athletic,2012
TopPop,2020
Torc,2021
Torchlight (Business/Productivity Software),2011
Tornado Spectral Systems,2012
Torqeedo,2005
TotalCloud,2016
Totient,2017
Touch Press,2016
TouchBistro,2010
Touchcast (Information Technology),2010
Touchland,2017
Tourmaline Bio,2021
Trace (Financial Software),2018
Tradewind Markets,2016
Trafi,2007
Trailmix,2017
Traitify,2011
Transcend Therapeutics,2021
TransChart,2002
TransCode Therapeutics (NAS: RNAZ),2016
Transfer Service Group (NGM: TRNSF),2013
Translate Bio,2010
Trapelo Health,2009
TrapX Security,2010
Trawerk,2020
Traws Pharma (NAS: TRAW),2021
Treace Medical Concepts (NAS: TMCI),2013
TreasuryXpress,2007
TreeToTextile,2014
Trellus (Other Healthcare Services) (LON: TRLS),2020
Tresorit,2011
Tri Global Energy,2009
Triani (Beverages),2014
Tribe Dynamics,2012
Tricked Esport,2012
Trifacta,2012
Triggo (WAR: TGG),2010
TRIGR Therapeutics,2018
Trip Ninja,2015
TriSalus Life Sciences (NAS: TLSI),2009
Troops,2015
Trouva,2013
Trrue,2021
TRS Group (Environmental Services (B2B)),2000
Tru Brands,2017
True Energy (Application Software),2018
Truebill,2015
Truecaller (STO: TRUE B),2009
TrueCar,2005
TrueLark,2017
Truelytics,2016
Truepill,2016
Truera,2014
Trunki,2006
Trussle,2015
TruSTAR (Network Management Software),2014
Trusters,2017
Trustpilot (LON: TRST),2007
TScan Therapeutics (NAS: TCRX),2018
Tubulis,2012
TuneIn,2002
Turbonomic,2009
TurboSquid,2000
Turbulent,2015
TurgenSec,2019
Turning Point Therapeutics,2013
Turnstone Biologics,2014
Tutorfly,2017
Tuya Smart (HKG: 02391),2014
tvScientific,2020
TVSquared,2012
TwentyBn,2015
TwicPics,2018
Twill (Other Healthcare Technology Systems),2012
Twistle,2011
Twisto,2013
TWTG,2012
Tynker (Educational and Training Services (B2C)),2012
Typhonix,2006
Tyra Biosciences (NAS: TYRA),2018
U GIT GUD,2017
Uala,2013
Ubitricity,2008
Udacity,2011
Udemy,2010
UiPath (NYS: PATH),2005
Ultimate Gamer,2001
Ultinous,2014
UltraCell,2002
Unbxd,2011
Uncubed,2012
Unearth (Business/Productivity Software),2016
Unicycive (NAS: UNCY),2016
Unified Chargers,2017
Unify Square,2008
Unikrn,2014
Unknown Worlds Entertainment,2001
Unless Collective,2020
UntieNots,2015
Untu,2019
Unusual Machines (ASE: UMAC),2019
Upchain,2015
UpCity,2009
Upcycle Labs,2020
Updown App,2015
Upfront (Enterprise Systems),2016
UpLift (Clinics/Outpatient Services),2020
UpLift (Financial Software),2011
Uplogix,2003
UpNest,2013
Upsider (Human Capital Services),2015
Upskill (Software Development Applications),2010
Upstream Bio (NAS: UPB),2021
Urban Green,2003
Urban Infrastructure Partner,2015
Urbint,2015
Urbn Leaf,2017
Urgent.ly,2013
USARAD,2008
Userlike,2011
Usermind,2013
UTILITY Therapeutics,2017
UWINLOC,2015
V.A. Smart Wired Connections,2022
Vacasa,2009
Vaccine Company,2022
Valcon Medical,2018
Valence Labs,2018
ValenzaBio,2019
Valispace,2015
Valka,2003
Vallon Pharmaceuticals,2018
Valuer.ai,2017
Vampr,2015
Vandersat,2015
Vantage Discovery,2023
VarmX,2016
Vast ( Media and Information Service),2005
Vastra Hamnen Corporate Finance (STO: VH),2005
Vaxxinity (OTCM: VAXX),2014
VAY (Business/Productivity Software),2018
VBit DC,2018
VCP,2011
VDDTECH,2015
VectivBio,2019
Vectrix (Network Management Software),2020
Veea (NAS: VEEA),2014
Vega Therapeutics,2018
Vegas Sports Information Network,2017
Veicoli,2011
Velo3D (NAS: VELO),2014
Veloce Media Group,2018
Velocity Black,2014
VeloCloud,2012
Vendon,2011
Ventealapropriete,2008
Venturebeam,2013
Ventyx Biosciences,2018
VENU Holding (ASE: VENU),2017
VenueNext,2014
Venuetize,2014
Veo Robotics,2016
Vera Therapeutics (NAS: VERA),2016
VeraDermics (NYS: MANE),2019
Verdera Energy (TSX: V),2024
Verifi3D,2015
Verifiable Credentials,2019
Verikai,2018
Vermietet.de,2016
Verrix,2013
Versanis Bio,2020
Vertical Aerospace Group (NYS: EVTL),2016
Vertus Capital (Private Equity),2016
Verve Therapeutics,2018
Vesica Health,2022
Vesper (Electronic Equipment and Instruments),2009
Vesper Medical,2016
Vesputi,2016
Vetex Medical,2015
Veza,2020
Vezet Group,2017
VIA (Automotive),2010
Via Transportation (NYS: VIA),2012
Viaduct,2018
ViaHero,2015
Vibbio,2016
Vicampo,2011
Vicarious Surgical,2014
ViceBio,2018
Victor (Financial Software),2021
Vida (Communication Software) (ASE: VIDA),2022
Video Intelligence,2008
Vidinoti,2010
View Point Medical,2016
Viewpoint Molecular Targeting,2015
Vigene Biosciences,2012
Vigil Neuro,2020
VigilAigent,2019
Vignette Bio,2023
Vigtory,2019
Viji,2019
Vilect,2016
Villaris Therapeutics,2019
VINN Automotive Technologies,2018
Vinpai (PAR: ALVIN),2011
Vinteo,2013
Violet Grey,2011
Vira Drones,2018
Virgin Orbit,2017
ViriCiti,2012
Virpax Pharmaceuticals (OTCM: VRPX),2016
Virsys12,2011
Virtual Technology Simplified,2017
Viscopic,2015
Visikol,2012
Vision Hill Group,2017
VisionLabs,2012
VisitPay,2010
Visualeo,2018
VisualEyes,2017
Visualix,2017
Vitrafy Life Sciences (ASX: VFY),2017
Vivani Medical (NAS: VANI),2009
Vivasure Medical,2009
ViveLaCar,2015
Vividion Therapeutics,2013
Vizio Holding,2002
VNDLY,2017
VocaliD,2014
Vocera Communications,2000
Vochi,2019
Vocodia (OTCM: VHAI),2020
VogaCloset,2012
VoiceBase,2010
VoiceVibes,2011
Volato Group (ASE: SOAR),2021
Volocopter,2011
Volt (Electronics),2011
Volta Charging,2010
Volterra.,2017
Volumetric (Biotechnology),2018
Voluntis,2001
Voog,2007
Vor Biopharma (NAS: VOR),2015
Vouch,2018
VouchedFor,2011
Voxel8,2014
Voyage AI,2023
Voyager (NYS: VOYG),2019
Voyantic,2004
Vulcan Forged,2020
Vultus (SAT: C100),2016
Vyasa Analytics,2016
Vyble,2007
Wag! Group,2015
WalkUp,2017
Wall Street Horizon,2003
Wallapop,2013
Wallbox (NYS: WBX),2015
Walmart Advanced Systems & Robotics,2013
Walmeric,2007
Wandera,2012
Wando Internet Solutions,2011
Wanna (Multimedia and Design Software),2017
Warby Parker (NYS: WRBY),2010
Warehowz,2018
WarpStream,2017
WasteTrakr,2018
Watchkeeper International,2018
Wattpad,2006
WAVE Charging,2010
WaveForm Diabetes,2001
WaveOptics,2012
Wavy (Financial Software),2016
Way2vat (ASX: W2V),2016
Waybridge,2019
WayCare,2015
Wayforward,2015
Waylay,2014
We Are Knitters,2010
Wealthagile,2020
Wealthfront (NAS: WLTH),2007
Wearable Technologies (UK),2013
Weav,2020
Weave (United States) (NYS: WEAV),2008
WeaveUp,2015
Webex Events,2016
WebSell,2005
WeDo (Logistics),2020
Weekend Health,2021
Weekly10,2012
Weights & Biases,2017
Wejo,2014
Welbeck Publishing Group,2018
Wellbee,2020
Wellnow,2015
WellPath,2013
WellteQ Digital Health,2013
Wematter,2014
Werewolf Therapeutics (NAS: HOWL),2017
WeTek Soluções Tecnológicas,2013
WeWork,2010
WhatsMiner,2016
Wheels,2017
Wheels Up Experience (NYS: UP),2013
Whiteboard.fi,2016
Whitehawk Therapeutics (NAS: WHWK),2007
Whow Games,2014
Whyline,2015
Wiener Games Studio,2012
Wikium,2013
Wild (Personal Products),2018
WildWorks,2003
Winc,2011
Windular Research and Technologies,2013
WinterLight Labs,2015
Wisdo Health,2014
WiseLayer,2022
Wisely (Business/Productivity Software),2012
Wisetek,2007
Wisp (Pharmaceuticals),2018
WiteSand,2019
With Clarity,2015
Within,2014
Within/Without,2014
Wizeline,2013
Wiztivi,2007
WM Technology (OTCM: MAPS),2008
Wolt,2014
Wonder Dynamics,2016
Wonder Media Network,2018
WonderFi Technologies,2021
Woodpecker.co (WAR: WPR),2015
WorkFusion,2010
Workvivo,2017
World Chess (LON: CHSS),2012
World View,2012
Worldcoo,2012
Writefull,2014
Wurl,2008
X-energy (NAS: XE),2009
X1 Card,2017
xAI,2023
Xanadu (TSE: XNDU),2016
Xandr,2018
XCharge (NAS: XCH),2015
Xcite,2016
XConnTech,2020
XFunnel,2024
XG Sciences,2006
Xilio Therapeutics (NAS: XLO),2016
XinThera,2021
Xinvento,2021
XLYNX Materials,2019
Xometry (NAS: XMTR),2013
XponentL Data,2023
XQS,2003
Xtelligent Healthcare Media,2011
XtraCHEF by Toast,2015
Yagaan,2016
Yagla,2014
Yardbarker,2006
Yardbird,2016
YClients,2010
Year & Day,2016
Yeebet Gaming,2018
Yellow Jersey Therapeutics,2024
YesIndeed,2005
Yodel (Logistics),2003
Yolife,2017
Yolo Group (MIL: YOLO),2017
Yoox Net-a-Porter Group,2000
YouAppi,2011
Your Fitness Dish,2015
Your Super,2015
YourBio Health,2007
YoYo Games,2004
Yubico (STO: YUBICO),2007
Zaarly,2011
Zacapa Resources,2017
Zapata Quantum (OTCM: ZPTA),2017
Zava,2010
Zavvy,2019
ZebiAI,2019
ZecOps,2017
Zefiro Methane (NEOE: ZEFI),2018
Zelta,2022
Zenas BioPharma (NAS: ZBIO),2019
Zendoc,2018
Zennar,2003
ZenSports,2016
Zephr (Business/Productivity Software),2018
ZeroStack (Asset Management) (NAS: ZSTK),2019
Zesty Paws,2014
Zezam,2018
ZigZag Global,2014
ZIIP,2013
Zikani Therapeutics,2015
Zilla Security,2019
Zimit,2015
Zipwhip,2007
Ziva Dynamics,2015
Zodiac Gold (TSX: ZAU),2020
Zogenix,2006
Zomagen Biosciences,2018
Zonehaven,2018
Zoocasa,2008
Zoomin (Business/Productivity Software),2015
Zosano Pharma,2006
Zpredicta,2014
Zuberance,2008
Zura Bio (NAS: ZURA),2022
Zymergen,2013
ZyMōt Fertility,2013
Zynerba Pharmaceuticals,2004
ZypTV,2013
ZyVersa Therapeutics (OTCM: ZVSA),2014
